id,Danceability
17170,8.0
17171,8.0
17172,8.0
17173,8.0
17174,8.0
17175,8.0
17176,6.0
17177,8.0
17178,8.0
17179,8.0
17180,8.0
17181,8.0
17182,8.0
17183,8.0
17184,8.0
17185,8.0
17186,8.0
17187,8.0
17188,8.0
17189,8.0
17190,8.0
17191,8.0
17192,8.0
17193,8.0
17194,8.0
17195,8.0
17196,8.0
17197,8.0
17198,8.0
17199,8.0
17200,8.0
17201,8.0
17202,8.0
17203,8.0
17204,8.0
17205,8.0
17206,8.0
17207,8.0
17208,8.0
17209,8.0
17210,8.0
17211,8.0
17212,8.0
17213,8.0
17214,8.0
17215,8.0
17216,8.0
17217,8.0
17218,8.0
17219,8.0
17220,8.0
17221,8.0
17222,8.0
17223,8.0
17224,8.0
17225,8.0
17226,8.0
17227,8.0
17228,8.0
17229,8.0
17230,8.0
17231,8.0
17232,8.0
17233,8.0
17234,8.0
17235,8.0
17236,8.0
17237,8.0
17238,8.0
17239,8.0
17240,8.0
17241,8.0
17242,8.0
17243,8.0
17244,8.0
17245,8.0
17246,8.0
17247,8.0
17248,8.0
17249,8.0
17250,8.0
17251,8.0
17252,8.0
17253,8.0
17254,8.0
17255,8.0
17256,8.0
17257,8.0
17258,8.0
17259,8.0
17260,8.0
17261,8.0
17262,8.0
17263,8.0
17264,8.0
17265,8.0
17266,8.0
17267,8.0
17268,8.0
17269,8.0
17270,8.0
17271,8.0
17272,8.0
17273,8.0
17274,8.0
17275,8.0
17276,8.0
17277,8.0
17278,8.0
17279,8.0
17280,8.0
17281,8.0
17282,8.0
17283,8.0
17284,8.0
17285,8.0
17286,8.0
17287,8.0
17288,8.0
17289,8.0
17290,8.0
17291,8.0
17292,8.0
17293,8.0
17294,8.0
17295,8.0
17296,8.0
17297,8.0
17298,8.0
17299,8.0
17300,8.0
17301,8.0
17302,8.0
17303,8.0
17304,8.0
17305,8.0
17306,8.0
17307,8.0
17308,8.0
17309,8.0
17310,8.0
17311,8.0
17312,8.0
17313,8.0
17314,8.0
17315,8.0
17316,8.0
17317,8.0
17318,8.0
17319,8.0
17320,8.0
17321,8.0
17322,8.0
17323,8.0
17324,8.0
17325,8.0
17326,8.0
17327,8.0
17328,8.0
17329,8.0
17330,8.0
17331,8.0
17332,8.0
17333,8.0
17334,8.0
17335,8.0
17336,8.0
17337,8.0
17338,8.0
17339,8.0
17340,8.0
17341,3.0
17342,8.0
17343,8.0
17344,8.0
17345,8.0
17346,8.0
17347,8.0
17348,8.0
17349,8.0
17350,8.0
17351,8.0
17352,8.0
17353,8.0
17354,8.0
17355,8.0
17356,8.0
17357,8.0
17358,8.0
17359,8.0
17360,8.0
17361,8.0
17362,8.0
17363,8.0
17364,8.0
17365,8.0
17366,8.0
17367,8.0
17368,8.0
17369,8.0
17370,8.0
17371,8.0
17372,8.0
17373,8.0
17374,8.0
17375,8.0
17376,8.0
17377,8.0
17378,8.0
17379,8.0
17380,8.0
17381,8.0
17382,8.0
17383,8.0
17384,8.0
17385,8.0
17386,8.0
17387,8.0
17388,8.0
17389,8.0
17390,8.0
17391,8.0
17392,8.0
17393,8.0
17394,8.0
17395,8.0
17396,8.0
17397,8.0
17398,8.0
17399,8.0
17400,8.0
17401,8.0
17402,8.0
17403,8.0
17404,8.0
17405,8.0
17406,8.0
17407,8.0
17408,8.0
17409,8.0
17410,8.0
17411,8.0
17412,8.0
17413,8.0
17414,8.0
17415,8.0
17416,8.0
17417,8.0
17418,8.0
17419,8.0
17420,8.0
17421,8.0
17422,8.0
17423,8.0
17424,8.0
17425,8.0
17426,8.0
17427,8.0
17428,8.0
17429,8.0
17430,8.0
17431,8.0
17432,8.0
17433,8.0
17434,8.0
17435,8.0
17436,8.0
17437,8.0
17438,8.0
17439,8.0
17440,8.0
17441,8.0
17442,8.0
17443,8.0
17444,8.0
17445,8.0
17446,8.0
17447,8.0
17448,8.0
17449,8.0
17450,8.0
17451,8.0
17452,8.0
17453,8.0
17454,8.0
17455,8.0
17456,8.0
17457,8.0
17458,8.0
17459,8.0
17460,8.0
17461,8.0
17462,8.0
17463,8.0
17464,8.0
17465,8.0
17466,8.0
17467,8.0
17468,8.0
17469,8.0
17470,8.0
17471,8.0
17472,8.0
17473,8.0
17474,8.0
17475,8.0
17476,8.0
17477,8.0
17478,8.0
17479,8.0
17480,8.0
17481,8.0
17482,8.0
17483,8.0
17484,8.0
17485,8.0
17486,8.0
17487,8.0
17488,8.0
17489,8.0
17490,8.0
17491,8.0
17492,8.0
17493,8.0
17494,8.0
17495,8.0
17496,8.0
17497,8.0
17498,8.0
17499,8.0
17500,8.0
17501,8.0
17502,8.0
17503,8.0
17504,8.0
17505,8.0
17506,8.0
17507,8.0
17508,8.0
17509,8.0
17510,8.0
17511,8.0
17512,8.0
17513,8.0
17514,8.0
17515,8.0
17516,8.0
17517,8.0
17518,8.0
17519,8.0
17520,8.0
17521,8.0
17522,8.0
17523,8.0
17524,8.0
17525,8.0
17526,8.0
17527,8.0
17528,8.0
17529,8.0
17530,8.0
17531,8.0
17532,8.0
17533,8.0
17534,8.0
17535,8.0
17536,8.0
17537,8.0
17538,8.0
17539,8.0
17540,8.0
17541,8.0
17542,8.0
17543,8.0
17544,8.0
17545,8.0
17546,8.0
17547,8.0
17548,8.0
17549,8.0
17550,8.0
17551,8.0
17552,8.0
17553,8.0
17554,8.0
17555,8.0
17556,8.0
17557,8.0
17558,8.0
17559,8.0
17560,8.0
17561,8.0
17562,8.0
17563,8.0
17564,8.0
17565,8.0
17566,8.0
17567,8.0
17568,8.0
17569,8.0
17570,8.0
17571,8.0
17572,8.0
17573,8.0
17574,8.0
17575,8.0
17576,8.0
17577,8.0
17578,8.0
17579,8.0
17580,8.0
17581,8.0
17582,8.0
17583,8.0
17584,8.0
17585,8.0
17586,8.0
17587,8.0
17588,8.0
17589,8.0
17590,8.0
17591,8.0
17592,8.0
17593,8.0
17594,8.0
17595,8.0
17596,8.0
17597,8.0
17598,8.0
17599,8.0
17600,8.0
17601,8.0
17602,8.0
17603,8.0
17604,8.0
17605,8.0
17606,8.0
17607,8.0
17608,8.0
17609,8.0
17610,8.0
17611,8.0
17612,8.0
17613,8.0
17614,8.0
17615,8.0
17616,8.0
17617,8.0
17618,8.0
17619,8.0
17620,8.0
17621,8.0
17622,8.0
17623,8.0
17624,8.0
17625,8.0
17626,8.0
17627,8.0
17628,8.0
17629,8.0
17630,8.0
17631,8.0
17632,8.0
17633,8.0
17634,8.0
17635,8.0
17636,8.0
17637,8.0
17638,8.0
17639,8.0
17640,8.0
17641,8.0
17642,8.0
17643,8.0
17644,8.0
17645,8.0
17646,8.0
17647,8.0
17648,8.0
17649,8.0
17650,8.0
17651,8.0
17652,8.0
17653,8.0
17654,8.0
17655,8.0
17656,8.0
17657,8.0
17658,8.0
17659,8.0
17660,8.0
17661,8.0
17662,8.0
17663,8.0
17664,8.0
17665,8.0
17666,8.0
17667,8.0
17668,8.0
17669,8.0
17670,8.0
17671,8.0
17672,8.0
17673,8.0
17674,8.0
17675,8.0
17676,8.0
17677,8.0
17678,8.0
17679,8.0
17680,8.0
17681,8.0
17682,8.0
17683,8.0
17684,8.0
17685,8.0
17686,8.0
17687,8.0
17688,8.0
17689,8.0
17690,8.0
17691,8.0
17692,8.0
17693,8.0
17694,8.0
17695,8.0
17696,8.0
17697,8.0
17698,8.0
17699,8.0
17700,8.0
17701,8.0
17702,8.0
17703,8.0
17704,8.0
17705,8.0
17706,8.0
17707,8.0
17708,8.0
17709,8.0
17710,8.0
17711,8.0
17712,8.0
17713,8.0
17714,8.0
17715,8.0
17716,8.0
17717,8.0
17718,8.0
17719,8.0
17720,8.0
17721,8.0
17722,8.0
17723,8.0
17724,8.0
17725,8.0
17726,8.0
17727,8.0
17728,8.0
17729,8.0
17730,8.0
17731,8.0
17732,8.0
17733,8.0
17734,8.0
17735,8.0
17736,8.0
17737,8.0
17738,8.0
17739,8.0
17740,8.0
17741,8.0
17742,8.0
17743,8.0
17744,8.0
17745,8.0
17746,8.0
17747,8.0
17748,8.0
17749,8.0
17750,8.0
17751,8.0
17752,8.0
17753,8.0
17754,8.0
17755,8.0
17756,8.0
17757,8.0
17758,8.0
17759,8.0
17760,8.0
17761,8.0
17762,8.0
17763,8.0
17764,8.0
17765,8.0
17766,8.0
17767,8.0
17768,8.0
17769,8.0
17770,8.0
17771,8.0
17772,8.0
17773,8.0
17774,8.0
17775,8.0
17776,8.0
17777,8.0
17778,8.0
17779,8.0
17780,8.0
17781,8.0
17782,8.0
17783,8.0
17784,8.0
17785,8.0
17786,8.0
17787,8.0
17788,8.0
17789,8.0
17790,8.0
17791,8.0
17792,8.0
17793,8.0
17794,8.0
17795,8.0
17796,8.0
17797,8.0
17798,8.0
17799,8.0
17800,8.0
17801,8.0
17802,8.0
17803,8.0
17804,8.0
17805,8.0
17806,8.0
17807,8.0
17808,8.0
17809,8.0
17810,8.0
17811,8.0
17812,8.0
17813,8.0
17814,8.0
17815,8.0
17816,8.0
17817,8.0
17818,8.0
17819,8.0
17820,8.0
17821,8.0
17822,8.0
17823,8.0
17824,8.0
17825,8.0
17826,8.0
17827,8.0
17828,8.0
17829,8.0
17830,8.0
17831,8.0
17832,8.0
17833,8.0
17834,8.0
17835,8.0
17836,8.0
17837,8.0
17838,8.0
17839,8.0
17840,8.0
17841,8.0
17842,8.0
17843,8.0
17844,8.0
17845,8.0
17846,8.0
17847,8.0
17848,8.0
17849,8.0
17850,8.0
17851,8.0
17852,8.0
17853,8.0
17854,8.0
17855,8.0
17856,8.0
17857,8.0
17858,8.0
17859,8.0
17860,8.0
17861,8.0
17862,8.0
17863,8.0
17864,8.0
17865,8.0
17866,8.0
17867,8.0
17868,8.0
17869,8.0
17870,8.0
17871,8.0
17872,8.0
17873,8.0
17874,8.0
17875,0.0
17876,8.0
17877,8.0
17878,8.0
17879,8.0
17880,8.0
17881,0.0
17882,8.0
17883,8.0
17884,8.0
17885,8.0
17886,8.0
17887,8.0
17888,8.0
17889,8.0
17890,8.0
17891,8.0
17892,8.0
17893,8.0
17894,8.0
17895,8.0
17896,8.0
17897,8.0
17898,8.0
17899,8.0
17900,8.0
17901,8.0
17902,8.0
17903,8.0
17904,8.0
17905,8.0
17906,8.0
17907,8.0
17908,8.0
17909,8.0
17910,8.0
17911,8.0
17912,8.0
17913,8.0
17914,8.0
17915,8.0
17916,8.0
17917,8.0
17918,8.0
17919,8.0
17920,8.0
17921,8.0
17922,8.0
17923,8.0
17924,8.0
17925,8.0
17926,8.0
17927,8.0
17928,8.0
17929,8.0
17930,8.0
17931,8.0
17932,8.0
17933,8.0
17934,8.0
17935,8.0
17936,8.0
17937,8.0
17938,8.0
17939,8.0
17940,8.0
17941,8.0
17942,8.0
17943,8.0
17944,8.0
17945,8.0
17946,8.0
17947,8.0
17948,8.0
17949,8.0
17950,8.0
17951,8.0
17952,8.0
17953,8.0
17954,8.0
17955,8.0
17956,8.0
17957,8.0
17958,8.0
17959,8.0
17960,8.0
17961,8.0
17962,8.0
17963,8.0
17964,8.0
17965,8.0
17966,8.0
17967,8.0
17968,8.0
17969,8.0
17970,8.0
17971,8.0
17972,8.0
17973,8.0
17974,8.0
17975,8.0
17976,8.0
17977,8.0
17978,8.0
17979,8.0
17980,8.0
17981,8.0
17982,8.0
17983,8.0
17984,8.0
17985,8.0
17986,8.0
17987,8.0
17988,8.0
17989,8.0
17990,8.0
17991,8.0
17992,8.0
17993,8.0
17994,8.0
17995,8.0
17996,8.0
17997,8.0
17998,8.0
17999,8.0
18000,8.0
18001,8.0
18002,8.0
18003,8.0
18004,8.0
18005,8.0
18006,8.0
18007,8.0
18008,8.0
18009,8.0
18010,8.0
18011,8.0
18012,8.0
18013,8.0
18014,8.0
18015,8.0
18016,8.0
18017,8.0
18018,8.0
18019,8.0
18020,8.0
18021,8.0
18022,8.0
18023,8.0
18024,8.0
18025,8.0
18026,8.0
18027,8.0
18028,8.0
18029,0.0
18030,8.0
18031,8.0
18032,8.0
18033,8.0
18034,8.0
18035,8.0
18036,8.0
18037,8.0
18038,8.0
18039,8.0
18040,8.0
18041,8.0
18042,8.0
18043,8.0
18044,8.0
18045,8.0
18046,8.0
18047,8.0
18048,8.0
18049,8.0
18050,8.0
18051,8.0
18052,8.0
18053,8.0
18054,8.0
18055,8.0
18056,8.0
18057,8.0
18058,8.0
18059,8.0
18060,8.0
18061,8.0
18062,8.0
18063,8.0
18064,8.0
18065,8.0
18066,8.0
18067,8.0
18068,8.0
18069,8.0
18070,8.0
18071,8.0
18072,8.0
18073,8.0
18074,8.0
18075,8.0
18076,8.0
18077,8.0
18078,8.0
18079,8.0
18080,8.0
18081,8.0
18082,8.0
18083,8.0
18084,8.0
18085,8.0
18086,8.0
18087,8.0
18088,8.0
18089,8.0
18090,8.0
18091,8.0
18092,8.0
18093,8.0
18094,8.0
18095,8.0
18096,8.0
18097,8.0
18098,8.0
18099,8.0
18100,8.0
18101,8.0
18102,8.0
18103,8.0
18104,8.0
18105,8.0
18106,8.0
18107,8.0
18108,8.0
18109,8.0
18110,8.0
18111,8.0
18112,8.0
18113,5.0
18114,8.0
18115,8.0
18116,8.0
18117,8.0
18118,8.0
18119,8.0
18120,8.0
18121,8.0
18122,8.0
18123,8.0
18124,8.0
18125,8.0
18126,8.0
18127,8.0
18128,8.0
18129,8.0
18130,8.0
18131,8.0
18132,8.0
18133,8.0
18134,8.0
18135,8.0
18136,8.0
18137,8.0
18138,8.0
18139,8.0
18140,8.0
18141,8.0
18142,8.0
18143,8.0
18144,8.0
18145,8.0
18146,8.0
18147,8.0
18148,8.0
18149,8.0
18150,8.0
18151,8.0
18152,8.0
18153,0.0
18154,8.0
18155,8.0
18156,8.0
18157,3.0
18158,8.0
18159,8.0
18160,8.0
18161,8.0
18162,8.0
18163,8.0
18164,8.0
18165,8.0
18166,8.0
18167,8.0
18168,8.0
18169,8.0
18170,8.0
18171,8.0
18172,8.0
18173,8.0
18174,8.0
18175,8.0
18176,8.0
18177,8.0
18178,8.0
18179,8.0
18180,8.0
18181,8.0
18182,8.0
18183,8.0
18184,8.0
18185,8.0
18186,8.0
18187,8.0
18188,8.0
18189,8.0
18190,8.0
18191,8.0
18192,8.0
18193,8.0
18194,8.0
18195,8.0
18196,8.0
18197,8.0
18198,8.0
18199,8.0
18200,8.0
18201,8.0
18202,8.0
18203,8.0
18204,8.0
18205,8.0
18206,8.0
18207,8.0
18208,8.0
18209,8.0
18210,8.0
18211,8.0
18212,8.0
18213,8.0
18214,8.0
18215,8.0
18216,8.0
18217,8.0
18218,8.0
18219,8.0
18220,8.0
18221,0.0
18222,8.0
18223,8.0
18224,8.0
18225,8.0
18226,8.0
18227,8.0
18228,8.0
18229,8.0
18230,8.0
18231,8.0
18232,8.0
18233,8.0
18234,8.0
18235,8.0
18236,8.0
18237,8.0
18238,8.0
18239,8.0
18240,8.0
18241,8.0
18242,8.0
18243,8.0
18244,8.0
18245,8.0
18246,8.0
18247,8.0
18248,8.0
18249,8.0
18250,8.0
18251,8.0
18252,8.0
18253,8.0
18254,8.0
18255,8.0
18256,8.0
18257,8.0
18258,8.0
18259,8.0
18260,8.0
18261,8.0
18262,8.0
18263,8.0
18264,8.0
18265,8.0
18266,8.0
18267,8.0
18268,8.0
18269,8.0
18270,8.0
18271,8.0
18272,8.0
18273,8.0
18274,8.0
18275,8.0
18276,8.0
18277,8.0
18278,8.0
18279,8.0
18280,8.0
18281,8.0
18282,8.0
18283,8.0
18284,8.0
18285,8.0
18286,8.0
18287,8.0
18288,8.0
18289,8.0
18290,8.0
18291,8.0
18292,8.0
18293,8.0
18294,8.0
18295,8.0
18296,8.0
18297,8.0
18298,8.0
18299,8.0
18300,8.0
18301,8.0
18302,8.0
18303,8.0
18304,8.0
18305,8.0
18306,8.0
18307,8.0
18308,8.0
18309,8.0
18310,8.0
18311,8.0
18312,8.0
18313,8.0
18314,8.0
18315,8.0
18316,8.0
18317,8.0
18318,0.0
18319,8.0
18320,8.0
18321,8.0
18322,8.0
18323,8.0
18324,8.0
18325,8.0
18326,8.0
18327,8.0
18328,8.0
18329,8.0
18330,8.0
18331,8.0
18332,8.0
18333,8.0
18334,8.0
18335,8.0
18336,8.0
18337,8.0
18338,8.0
18339,8.0
18340,8.0
18341,8.0
18342,8.0
18343,8.0
18344,8.0
18345,8.0
18346,8.0
18347,8.0
18348,8.0
18349,8.0
18350,8.0
18351,8.0
18352,8.0
18353,8.0
18354,8.0
18355,8.0
18356,8.0
18357,8.0
18358,8.0
18359,8.0
18360,8.0
18361,0.0
18362,8.0
18363,8.0
18364,8.0
18365,8.0
18366,8.0
18367,8.0
18368,8.0
18369,8.0
18370,8.0
18371,8.0
18372,8.0
18373,8.0
18374,8.0
18375,8.0
18376,8.0
18377,8.0
18378,8.0
18379,8.0
18380,8.0
18381,8.0
18382,8.0
18383,8.0
18384,8.0
18385,8.0
18386,8.0
18387,8.0
18388,8.0
18389,8.0
18390,8.0
18391,8.0
18392,8.0
18393,8.0
18394,8.0
18395,8.0
18396,8.0
18397,8.0
18398,8.0
18399,8.0
18400,8.0
18401,8.0
18402,8.0
18403,8.0
18404,8.0
18405,8.0
18406,8.0
18407,8.0
18408,8.0
18409,8.0
18410,8.0
18411,8.0
18412,8.0
18413,8.0
18414,8.0
18415,8.0
18416,8.0
18417,8.0
18418,8.0
18419,8.0
18420,8.0
18421,8.0
18422,8.0
18423,8.0
18424,8.0
18425,8.0
18426,8.0
18427,8.0
18428,0.0
18429,8.0
18430,8.0
18431,8.0
18432,8.0
18433,8.0
18434,8.0
18435,8.0
18436,8.0
18437,8.0
18438,8.0
18439,8.0
18440,8.0
18441,8.0
18442,8.0
18443,8.0
18444,8.0
18445,8.0
18446,8.0
18447,8.0
18448,8.0
18449,8.0
18450,8.0
18451,8.0
18452,8.0
18453,8.0
18454,8.0
18455,8.0
18456,8.0
18457,8.0
18458,8.0
18459,8.0
18460,8.0
18461,8.0
18462,8.0
18463,8.0
18464,8.0
18465,8.0
18466,8.0
18467,8.0
18468,8.0
18469,8.0
18470,8.0
18471,8.0
18472,8.0
18473,8.0
18474,8.0
18475,8.0
18476,8.0
18477,8.0
18478,8.0
18479,8.0
18480,8.0
18481,8.0
18482,8.0
18483,8.0
18484,8.0
18485,8.0
18486,8.0
18487,8.0
18488,8.0
18489,8.0
18490,8.0
18491,8.0
18492,8.0
18493,8.0
18494,8.0
18495,8.0
18496,8.0
18497,8.0
18498,8.0
18499,8.0
18500,8.0
18501,8.0
18502,8.0
18503,8.0
18504,8.0
18505,8.0
18506,8.0
18507,8.0
18508,8.0
18509,8.0
18510,8.0
18511,8.0
18512,8.0
18513,8.0
18514,8.0
18515,8.0
18516,8.0
18517,8.0
18518,8.0
18519,8.0
18520,8.0
18521,8.0
18522,8.0
18523,8.0
18524,1.0
18525,8.0
18526,8.0
18527,8.0
18528,8.0
18529,8.0
18530,8.0
18531,8.0
18532,8.0
18533,8.0
18534,8.0
18535,8.0
18536,8.0
18537,8.0
18538,8.0
18539,8.0
18540,8.0
18541,8.0
18542,8.0
18543,8.0
18544,8.0
18545,8.0
18546,8.0
18547,8.0
18548,8.0
18549,8.0
18550,8.0
18551,8.0
18552,8.0
18553,8.0
18554,8.0
18555,8.0
18556,8.0
18557,8.0
18558,8.0
18559,8.0
18560,8.0
18561,8.0
18562,8.0
18563,8.0
18564,8.0
18565,8.0
18566,8.0
18567,8.0
18568,8.0
18569,8.0
18570,8.0
18571,8.0
18572,8.0
18573,8.0
18574,8.0
18575,8.0
18576,8.0
18577,8.0
18578,8.0
18579,8.0
18580,8.0
18581,8.0
18582,8.0
18583,8.0
18584,8.0
18585,8.0
18586,8.0
18587,8.0
18588,8.0
18589,8.0
18590,8.0
18591,8.0
18592,8.0
18593,8.0
18594,8.0
18595,8.0
18596,8.0
18597,8.0
18598,8.0
18599,8.0
18600,8.0
18601,8.0
18602,8.0
18603,8.0
18604,8.0
18605,8.0
18606,8.0
18607,8.0
18608,8.0
18609,8.0
18610,8.0
18611,8.0
18612,8.0
18613,8.0
18614,8.0
18615,8.0
18616,8.0
18617,8.0
18618,8.0
18619,8.0
18620,8.0
18621,8.0
18622,8.0
18623,8.0
18624,8.0
18625,8.0
18626,8.0
18627,8.0
18628,1.0
18629,8.0
18630,8.0
18631,8.0
18632,8.0
18633,8.0
18634,8.0
18635,8.0
18636,8.0
18637,8.0
18638,8.0
18639,8.0
18640,8.0
18641,8.0
18642,8.0
18643,8.0
18644,8.0
18645,8.0
18646,8.0
18647,8.0
18648,8.0
18649,8.0
18650,8.0
18651,8.0
18652,8.0
18653,8.0
18654,8.0
18655,8.0
18656,8.0
18657,8.0
18658,8.0
18659,8.0
18660,8.0
18661,8.0
18662,8.0
18663,8.0
18664,8.0
18665,8.0
18666,8.0
18667,8.0
18668,8.0
18669,8.0
18670,8.0
18671,8.0
18672,8.0
18673,8.0
18674,8.0
18675,8.0
18676,8.0
18677,8.0
18678,8.0
18679,8.0
18680,8.0
18681,8.0
18682,8.0
18683,8.0
18684,8.0
18685,8.0
18686,8.0
18687,8.0
18688,8.0
18689,8.0
18690,8.0
18691,8.0
18692,8.0
18693,8.0
18694,8.0
18695,8.0
18696,8.0
18697,8.0
18698,8.0
18699,8.0
18700,8.0
18701,8.0
18702,8.0
18703,8.0
18704,8.0
18705,8.0
18706,8.0
18707,8.0
18708,8.0
18709,8.0
18710,8.0
18711,8.0
18712,8.0
18713,8.0
18714,8.0
18715,8.0
18716,8.0
18717,8.0
18718,8.0
18719,8.0
18720,8.0
18721,8.0
18722,8.0
18723,8.0
18724,8.0
18725,8.0
18726,8.0
18727,8.0
18728,8.0
18729,8.0
18730,8.0
18731,8.0
18732,8.0
18733,8.0
18734,8.0
18735,8.0
18736,8.0
18737,8.0
18738,8.0
18739,8.0
18740,8.0
18741,8.0
18742,8.0
18743,8.0
18744,8.0
18745,8.0
18746,8.0
18747,8.0
18748,8.0
18749,8.0
18750,8.0
18751,5.0
18752,8.0
18753,8.0
18754,8.0
18755,8.0
18756,8.0
18757,8.0
18758,8.0
18759,8.0
18760,8.0
18761,8.0
18762,8.0
18763,8.0
18764,8.0
18765,8.0
18766,8.0
18767,8.0
18768,8.0
18769,8.0
18770,8.0
18771,8.0
18772,8.0
18773,8.0
18774,8.0
18775,8.0
18776,8.0
18777,8.0
18778,8.0
18779,8.0
18780,8.0
18781,8.0
18782,8.0
18783,8.0
18784,8.0
18785,8.0
18786,8.0
18787,8.0
18788,8.0
18789,8.0
18790,8.0
18791,8.0
18792,8.0
18793,8.0
18794,8.0
18795,8.0
18796,8.0
18797,8.0
18798,8.0
18799,8.0
18800,8.0
18801,8.0
18802,8.0
18803,8.0
18804,8.0
18805,8.0
18806,8.0
18807,8.0
18808,8.0
18809,8.0
18810,8.0
18811,8.0
18812,8.0
18813,8.0
18814,8.0
18815,8.0
18816,8.0
18817,8.0
18818,8.0
18819,8.0
18820,8.0
18821,8.0
18822,8.0
18823,8.0
18824,8.0
18825,8.0
18826,8.0
18827,8.0
18828,8.0
18829,0.0
18830,8.0
18831,8.0
18832,8.0
18833,8.0
18834,8.0
18835,8.0
18836,8.0
18837,8.0
18838,8.0
18839,8.0
18840,8.0
18841,8.0
18842,8.0
18843,8.0
18844,8.0
18845,8.0
18846,8.0
18847,8.0
18848,8.0
18849,8.0
18850,8.0
18851,8.0
18852,8.0
18853,8.0
18854,0.0
18855,8.0
18856,8.0
18857,8.0
18858,8.0
18859,8.0
18860,8.0
18861,8.0
18862,8.0
18863,8.0
18864,8.0
18865,8.0
18866,8.0
18867,8.0
18868,8.0
18869,8.0
18870,8.0
18871,9.0
18872,9.0
18873,8.0
18874,8.0
18875,8.0
18876,8.0
18877,8.0
18878,8.0
18879,8.0
18880,8.0
18881,8.0
18882,8.0
18883,8.0
18884,8.0
18885,8.0
18886,8.0
18887,4.0
18888,8.0
18889,8.0
18890,8.0
18891,8.0
18892,8.0
18893,8.0
18894,1.0
18895,8.0
18896,6.0
18897,8.0
18898,8.0
18899,1.0
18900,8.0
18901,8.0
18902,8.0
18903,8.0
18904,8.0
18905,8.0
18906,8.0
18907,8.0
18908,8.0
18909,8.0
18910,8.0
18911,0.0
18912,8.0
18913,0.0
18914,8.0
18915,8.0
18916,8.0
18917,8.0
18918,8.0
18919,2.0
18920,8.0
18921,8.0
18922,8.0
18923,8.0
18924,8.0
18925,8.0
18926,8.0
18927,8.0
18928,8.0
18929,8.0
18930,8.0
18931,8.0
18932,8.0
18933,8.0
18934,8.0
18935,8.0
18936,8.0
18937,8.0
18938,8.0
18939,8.0
18940,0.0
18941,8.0
18942,6.0
18943,8.0
18944,5.0
18945,8.0
18946,8.0
18947,8.0
18948,8.0
18949,8.0
18950,8.0
18951,8.0
18952,8.0
18953,5.0
18954,8.0
18955,8.0
18956,5.0
18957,4.0
18958,8.0
18959,8.0
18960,1.0
18961,8.0
18962,4.0
18963,8.0
18964,8.0
18965,8.0
18966,8.0
18967,8.0
18968,8.0
18969,8.0
18970,8.0
18971,8.0
18972,8.0
18973,8.0
18974,8.0
18975,8.0
18976,8.0
18977,4.0
18978,1.0
18979,8.0
18980,3.0
18981,3.0
18982,4.0
18983,8.0
18984,3.0
18985,8.0
18986,8.0
18987,8.0
18988,8.0
18989,8.0
18990,8.0
18991,8.0
18992,8.0
18993,5.0
18994,2.0
18995,8.0
18996,2.0
18997,8.0
18998,8.0
18999,8.0
19000,8.0
19001,8.0
19002,8.0
19003,1.0
19004,8.0
19005,8.0
19006,8.0
19007,8.0
19008,8.0
19009,8.0
19010,8.0
19011,8.0
19012,8.0
19013,2.0
19014,8.0
19015,6.0
19016,8.0
19017,2.0
19018,8.0
19019,2.0
19020,8.0
19021,8.0
19022,8.0
19023,0.0
19024,4.0
19025,8.0
19026,8.0
19027,8.0
19028,8.0
19029,7.0
19030,8.0
19031,8.0
19032,8.0
19033,8.0
19034,8.0
19035,8.0
19036,8.0
19037,8.0
19038,8.0
19039,8.0
19040,3.0
19041,8.0
19042,8.0
19043,8.0
19044,8.0
19045,7.0
19046,8.0
19047,8.0
19048,2.0
19049,1.0
19050,0.0
19051,8.0
19052,8.0
19053,8.0
19054,4.0
19055,8.0
19056,8.0
19057,8.0
19058,8.0
19059,6.0
19060,8.0
19061,8.0
19062,8.0
19063,9.0
19064,8.0
19065,4.0
19066,8.0
19067,8.0
19068,8.0
19069,8.0
19070,8.0
19071,8.0
19072,8.0
19073,8.0
19074,8.0
19075,8.0
19076,2.0
19077,8.0
19078,8.0
19079,8.0
19080,8.0
19081,8.0
19082,8.0
19083,8.0
19084,8.0
19085,8.0
19086,8.0
19087,0.0
19088,8.0
19089,8.0
19090,8.0
19091,8.0
19092,8.0
19093,8.0
19094,8.0
19095,8.0
19096,8.0
19097,8.0
19098,8.0
19099,8.0
19100,8.0
19101,8.0
19102,8.0
19103,8.0
19104,8.0
19105,8.0
19106,2.0
19107,1.0
19108,8.0
19109,8.0
19110,8.0
19111,1.0
19112,8.0
19113,8.0
19114,8.0
19115,8.0
19116,8.0
19117,8.0
19118,8.0
19119,8.0
19120,8.0
19121,8.0
19122,8.0
19123,8.0
19124,8.0
19125,0.0
19126,8.0
19127,0.0
19128,8.0
19129,8.0
19130,8.0
19131,8.0
19132,8.0
19133,8.0
19134,8.0
19135,8.0
19136,8.0
19137,8.0
19138,8.0
19139,8.0
19140,8.0
19141,8.0
19142,8.0
19143,8.0
19144,3.0
19145,8.0
19146,5.0
19147,4.0
19148,8.0
19149,8.0
19150,8.0
19151,8.0
19152,8.0
19153,8.0
19154,4.0
19155,8.0
19156,8.0
19157,2.0
19158,8.0
19159,8.0
19160,8.0
19161,8.0
19162,8.0
19163,9.0
19164,8.0
19165,8.0
19166,8.0
19167,8.0
19168,1.0
19169,8.0
19170,8.0
19171,8.0
19172,8.0
19173,8.0
19174,8.0
19175,8.0
19176,8.0
19177,8.0
19178,8.0
19179,8.0
19180,8.0
19181,8.0
19182,8.0
19183,8.0
19184,8.0
19185,8.0
19186,8.0
19187,8.0
19188,8.0
19189,8.0
19190,8.0
19191,8.0
19192,8.0
19193,8.0
19194,8.0
19195,8.0
19196,8.0
19197,8.0
19198,8.0
19199,8.0
19200,8.0
19201,8.0
19202,8.0
19203,8.0
19204,8.0
19205,8.0
19206,8.0
19207,8.0
19208,8.0
19209,8.0
19210,8.0
19211,8.0
19212,8.0
19213,8.0
19214,8.0
19215,8.0
19216,8.0
19217,8.0
19218,8.0
19219,8.0
19220,8.0
19221,8.0
19222,8.0
19223,8.0
19224,8.0
19225,8.0
19226,8.0
19227,8.0
19228,8.0
19229,8.0
19230,8.0
19231,8.0
19232,8.0
19233,8.0
19234,8.0
19235,8.0
19236,8.0
19237,8.0
19238,8.0
19239,8.0
19240,8.0
19241,8.0
19242,8.0
19243,8.0
19244,8.0
19245,8.0
19246,8.0
19247,8.0
19248,8.0
19249,8.0
19250,8.0
19251,8.0
19252,8.0
19253,8.0
19254,8.0
19255,8.0
19256,8.0
19257,8.0
19258,8.0
19259,8.0
19260,8.0
19261,8.0
19262,8.0
19263,8.0
19264,8.0
19265,8.0
19266,8.0
19267,8.0
19268,8.0
19269,8.0
19270,8.0
19271,8.0
19272,8.0
19273,8.0
19274,8.0
19275,8.0
19276,8.0
19277,8.0
19278,8.0
19279,8.0
19280,8.0
19281,8.0
19282,8.0
19283,8.0
19284,8.0
19285,8.0
19286,8.0
19287,8.0
19288,8.0
19289,8.0
19290,8.0
19291,8.0
19292,8.0
19293,8.0
19294,8.0
19295,8.0
19296,8.0
19297,8.0
19298,8.0
19299,8.0
19300,8.0
19301,8.0
19302,8.0
19303,8.0
19304,8.0
19305,8.0
19306,8.0
19307,8.0
19308,8.0
19309,8.0
19310,8.0
19311,8.0
19312,8.0
19313,8.0
19314,8.0
19315,8.0
19316,8.0
19317,8.0
19318,8.0
19319,8.0
19320,8.0
19321,8.0
19322,8.0
19323,8.0
19324,8.0
19325,8.0
19326,8.0
19327,8.0
19328,8.0
19329,8.0
19330,8.0
19331,8.0
19332,8.0
19333,8.0
19334,8.0
19335,8.0
19336,8.0
19337,8.0
19338,8.0
19339,8.0
19340,8.0
19341,8.0
19342,8.0
19343,8.0
19344,8.0
19345,8.0
19346,8.0
19347,8.0
19348,8.0
19349,8.0
19350,8.0
19351,8.0
19352,8.0
19353,8.0
19354,8.0
19355,8.0
19356,8.0
19357,8.0
19358,8.0
19359,8.0
19360,8.0
19361,8.0
19362,8.0
19363,8.0
19364,8.0
19365,8.0
19366,8.0
19367,8.0
19368,8.0
19369,8.0
19370,8.0
19371,8.0
19372,8.0
19373,8.0
19374,8.0
19375,8.0
19376,8.0
19377,8.0
19378,8.0
19379,8.0
19380,8.0
19381,8.0
19382,8.0
19383,8.0
19384,8.0
19385,8.0
19386,8.0
19387,8.0
19388,8.0
19389,8.0
19390,8.0
19391,8.0
19392,8.0
19393,8.0
19394,8.0
19395,8.0
19396,8.0
19397,8.0
19398,8.0
19399,8.0
19400,8.0
19401,8.0
19402,8.0
19403,8.0
19404,8.0
19405,8.0
19406,8.0
19407,8.0
19408,8.0
19409,8.0
19410,8.0
19411,8.0
19412,8.0
19413,8.0
19414,8.0
19415,8.0
19416,8.0
19417,8.0
19418,8.0
19419,8.0
19420,8.0
19421,8.0
19422,8.0
19423,8.0
19424,8.0
19425,8.0
19426,8.0
19427,8.0
19428,8.0
19429,8.0
19430,8.0
19431,8.0
19432,8.0
19433,8.0
19434,8.0
19435,8.0
19436,8.0
19437,8.0
19438,8.0
19439,8.0
19440,8.0
19441,8.0
19442,8.0
19443,8.0
19444,8.0
19445,8.0
19446,8.0
19447,8.0
19448,8.0
19449,8.0
19450,8.0
19451,8.0
19452,8.0
19453,8.0
19454,8.0
19455,8.0
19456,8.0
19457,8.0
19458,8.0
19459,8.0
19460,8.0
19461,8.0
19462,8.0
19463,8.0
19464,8.0
19465,8.0
19466,8.0
19467,8.0
19468,8.0
19469,8.0
19470,8.0
19471,8.0
19472,8.0
19473,8.0
19474,8.0
19475,8.0
19476,8.0
19477,8.0
19478,8.0
19479,8.0
19480,8.0
19481,8.0
19482,8.0
19483,8.0
19484,8.0
19485,8.0
19486,8.0
19487,8.0
19488,8.0
19489,8.0
19490,8.0
19491,8.0
19492,8.0
19493,8.0
19494,8.0
19495,8.0
19496,8.0
19497,8.0
19498,8.0
19499,8.0
19500,8.0
19501,8.0
19502,8.0
19503,8.0
19504,8.0
19505,8.0
19506,8.0
19507,8.0
19508,8.0
19509,8.0
19510,8.0
19511,8.0
19512,8.0
19513,8.0
19514,8.0
19515,8.0
19516,8.0
19517,8.0
19518,8.0
19519,8.0
19520,8.0
19521,8.0
19522,8.0
19523,8.0
19524,8.0
19525,8.0
19526,8.0
19527,8.0
19528,8.0
19529,8.0
19530,8.0
19531,8.0
19532,8.0
19533,8.0
19534,8.0
19535,8.0
19536,8.0
19537,8.0
19538,8.0
19539,8.0
19540,8.0
19541,8.0
19542,8.0
19543,8.0
19544,8.0
19545,8.0
19546,8.0
19547,8.0
19548,8.0
19549,8.0
19550,8.0
19551,8.0
19552,8.0
19553,8.0
19554,8.0
19555,8.0
19556,8.0
19557,8.0
19558,8.0
19559,8.0
19560,8.0
19561,8.0
19562,8.0
19563,8.0
19564,8.0
19565,8.0
19566,8.0
19567,8.0
19568,8.0
19569,8.0
19570,8.0
19571,8.0
19572,8.0
19573,8.0
19574,8.0
19575,8.0
19576,8.0
19577,8.0
19578,8.0
19579,8.0
19580,8.0
19581,8.0
19582,8.0
19583,8.0
19584,8.0
19585,8.0
19586,8.0
19587,8.0
19588,8.0
19589,8.0
19590,8.0
19591,8.0
19592,8.0
19593,8.0
19594,8.0
19595,8.0
19596,8.0
19597,8.0
19598,8.0
19599,8.0
19600,8.0
19601,8.0
19602,8.0
19603,8.0
19604,8.0
19605,8.0
19606,8.0
19607,8.0
19608,8.0
19609,8.0
19610,8.0
19611,8.0
19612,8.0
19613,8.0
19614,8.0
19615,8.0
19616,8.0
19617,8.0
19618,8.0
19619,8.0
19620,8.0
19621,8.0
19622,8.0
19623,8.0
19624,8.0
19625,8.0
19626,8.0
19627,8.0
19628,8.0
19629,8.0
19630,8.0
19631,8.0
19632,8.0
19633,8.0
19634,8.0
19635,8.0
19636,8.0
19637,8.0
19638,8.0
19639,8.0
19640,8.0
19641,8.0
19642,8.0
19643,8.0
19644,8.0
19645,8.0
19646,8.0
19647,8.0
19648,8.0
19649,8.0
19650,8.0
19651,8.0
19652,8.0
19653,8.0
19654,8.0
19655,8.0
19656,8.0
19657,8.0
19658,8.0
19659,8.0
19660,8.0
19661,8.0
19662,8.0
19663,8.0
19664,8.0
19665,8.0
19666,8.0
19667,8.0
19668,8.0
19669,8.0
19670,8.0
19671,8.0
19672,8.0
19673,8.0
19674,8.0
19675,8.0
19676,8.0
19677,8.0
19678,8.0
19679,8.0
19680,8.0
19681,8.0
19682,8.0
19683,8.0
19684,8.0
19685,8.0
19686,8.0
19687,8.0
19688,8.0
19689,8.0
19690,8.0
19691,8.0
19692,8.0
19693,8.0
19694,8.0
19695,8.0
19696,8.0
19697,8.0
19698,8.0
19699,8.0
19700,8.0
19701,8.0
19702,8.0
19703,8.0
19704,8.0
19705,8.0
19706,8.0
19707,8.0
19708,8.0
19709,8.0
19710,8.0
19711,8.0
19712,8.0
19713,8.0
19714,8.0
19715,8.0
19716,8.0
19717,8.0
19718,8.0
19719,8.0
19720,8.0
19721,8.0
19722,8.0
19723,8.0
19724,8.0
19725,8.0
19726,8.0
19727,8.0
19728,8.0
19729,8.0
19730,8.0
19731,8.0
19732,8.0
19733,8.0
19734,8.0
19735,8.0
19736,8.0
19737,8.0
19738,8.0
19739,8.0
19740,8.0
19741,8.0
19742,8.0
19743,8.0
19744,8.0
19745,8.0
19746,8.0
19747,8.0
19748,8.0
19749,8.0
19750,8.0
19751,8.0
19752,8.0
19753,8.0
19754,8.0
19755,8.0
19756,8.0
19757,8.0
19758,8.0
19759,8.0
19760,8.0
19761,8.0
19762,8.0
19763,8.0
19764,8.0
19765,8.0
19766,8.0
19767,8.0
19768,8.0
19769,8.0
19770,8.0
19771,8.0
19772,8.0
19773,8.0
19774,8.0
19775,8.0
19776,8.0
19777,8.0
19778,8.0
19779,8.0
19780,8.0
19781,8.0
19782,8.0
19783,8.0
19784,8.0
19785,8.0
19786,8.0
19787,8.0
19788,8.0
19789,8.0
19790,8.0
19791,8.0
19792,8.0
19793,8.0
19794,8.0
19795,8.0
19796,8.0
19797,8.0
19798,8.0
19799,8.0
19800,8.0
19801,8.0
19802,8.0
19803,8.0
19804,8.0
19805,8.0
19806,8.0
19807,8.0
19808,8.0
19809,8.0
19810,8.0
19811,8.0
19812,8.0
19813,8.0
19814,8.0
19815,8.0
19816,8.0
19817,8.0
19818,8.0
19819,8.0
19820,8.0
19821,8.0
19822,8.0
19823,8.0
19824,8.0
19825,8.0
19826,8.0
19827,8.0
19828,8.0
19829,8.0
19830,8.0
19831,8.0
19832,8.0
19833,8.0
19834,8.0
19835,8.0
19836,8.0
19837,8.0
19838,8.0
19839,8.0
19840,8.0
19841,8.0
19842,8.0
19843,8.0
19844,8.0
19845,8.0
19846,8.0
19847,8.0
19848,8.0
19849,8.0
19850,8.0
19851,8.0
19852,8.0
19853,8.0
19854,8.0
19855,8.0
19856,8.0
19857,8.0
19858,8.0
19859,8.0
19860,8.0
19861,8.0
19862,8.0
19863,8.0
19864,8.0
19865,8.0
19866,8.0
19867,8.0
19868,8.0
19869,8.0
19870,8.0
19871,8.0
19872,8.0
19873,8.0
19874,8.0
19875,8.0
19876,8.0
19877,8.0
19878,8.0
19879,8.0
19880,8.0
19881,8.0
19882,8.0
19883,8.0
19884,8.0
19885,8.0
19886,8.0
19887,8.0
19888,8.0
19889,8.0
19890,8.0
19891,8.0
19892,8.0
19893,8.0
19894,8.0
19895,8.0
19896,8.0
19897,8.0
19898,8.0
19899,8.0
19900,8.0
19901,8.0
19902,8.0
19903,8.0
19904,8.0
19905,8.0
19906,8.0
19907,8.0
19908,8.0
19909,8.0
19910,8.0
19911,8.0
19912,8.0
19913,8.0
19914,8.0
19915,8.0
19916,8.0
19917,8.0
19918,8.0
19919,8.0
19920,8.0
19921,8.0
19922,8.0
19923,8.0
19924,8.0
19925,8.0
19926,8.0
19927,8.0
19928,8.0
19929,8.0
19930,8.0
19931,8.0
19932,8.0
19933,8.0
19934,8.0
19935,8.0
19936,8.0
19937,8.0
19938,8.0
19939,8.0
19940,8.0
19941,8.0
19942,8.0
19943,8.0
19944,8.0
19945,8.0
19946,8.0
19947,8.0
19948,8.0
19949,8.0
19950,8.0
19951,8.0
19952,8.0
19953,8.0
19954,8.0
19955,8.0
19956,8.0
19957,8.0
19958,8.0
19959,8.0
19960,8.0
19961,8.0
19962,8.0
19963,8.0
19964,8.0
19965,8.0
19966,8.0
19967,8.0
19968,8.0
19969,8.0
19970,8.0
19971,8.0
19972,8.0
19973,8.0
19974,8.0
19975,8.0
19976,8.0
19977,8.0
19978,8.0
19979,8.0
19980,8.0
19981,8.0
19982,8.0
19983,8.0
19984,8.0
19985,8.0
19986,8.0
19987,8.0
19988,8.0
19989,8.0
19990,8.0
19991,8.0
19992,8.0
19993,8.0
19994,8.0
19995,8.0
19996,8.0
19997,8.0
19998,8.0
19999,8.0
20000,8.0
20001,8.0
20002,8.0
20003,8.0
20004,8.0
20005,8.0
20006,8.0
20007,8.0
20008,8.0
20009,8.0
20010,8.0
20011,8.0
20012,8.0
20013,8.0
20014,8.0
20015,8.0
20016,8.0
20017,8.0
20018,8.0
20019,8.0
20020,8.0
20021,8.0
20022,8.0
20023,8.0
20024,8.0
20025,8.0
20026,8.0
20027,8.0
20028,8.0
20029,8.0
20030,8.0
20031,8.0
20032,8.0
20033,8.0
20034,8.0
20035,8.0
20036,8.0
20037,8.0
20038,8.0
20039,8.0
20040,8.0
20041,8.0
20042,8.0
20043,8.0
20044,8.0
20045,8.0
20046,8.0
20047,8.0
20048,8.0
20049,8.0
20050,8.0
20051,8.0
20052,8.0
20053,8.0
20054,8.0
20055,8.0
20056,8.0
20057,8.0
20058,8.0
20059,8.0
20060,8.0
20061,8.0
20062,8.0
20063,8.0
20064,8.0
20065,8.0
20066,8.0
20067,8.0
20068,8.0
20069,8.0
20070,8.0
20071,8.0
20072,8.0
20073,8.0
20074,8.0
20075,8.0
20076,8.0
20077,8.0
20078,8.0
20079,8.0
20080,8.0
20081,8.0
20082,8.0
20083,8.0
20084,8.0
20085,8.0
20086,8.0
20087,8.0
20088,8.0
20089,8.0
20090,8.0
20091,8.0
20092,8.0
20093,8.0
20094,8.0
20095,8.0
20096,8.0
20097,8.0
20098,8.0
20099,8.0
20100,8.0
20101,8.0
20102,8.0
20103,8.0
20104,8.0
20105,8.0
20106,8.0
20107,8.0
20108,8.0
20109,8.0
20110,8.0
20111,8.0
20112,8.0
20113,8.0
20114,8.0
20115,8.0
20116,8.0
20117,8.0
20118,8.0
20119,8.0
20120,8.0
20121,8.0
20122,8.0
20123,8.0
20124,8.0
20125,8.0
20126,8.0
20127,8.0
20128,8.0
20129,8.0
20130,8.0
20131,8.0
20132,8.0
20133,8.0
20134,8.0
20135,8.0
20136,8.0
20137,8.0
20138,8.0
20139,8.0
20140,8.0
20141,8.0
20142,8.0
20143,8.0
20144,8.0
20145,8.0
20146,8.0
20147,8.0
20148,8.0
20149,8.0
20150,8.0
20151,8.0
20152,8.0
20153,8.0
20154,8.0
20155,8.0
20156,8.0
20157,8.0
20158,8.0
20159,8.0
20160,8.0
20161,8.0
20162,8.0
20163,8.0
20164,8.0
20165,8.0
20166,8.0
20167,8.0
20168,8.0
20169,8.0
20170,8.0
20171,8.0
20172,8.0
20173,8.0
20174,8.0
20175,8.0
20176,8.0
20177,8.0
20178,8.0
20179,8.0
20180,8.0
20181,8.0
20182,8.0
20183,8.0
20184,8.0
20185,8.0
20186,8.0
20187,8.0
20188,8.0
20189,8.0
20190,8.0
20191,8.0
20192,8.0
20193,8.0
20194,8.0
20195,8.0
20196,8.0
20197,8.0
20198,8.0
20199,8.0
20200,8.0
20201,8.0
20202,8.0
20203,8.0
20204,8.0
20205,8.0
20206,8.0
20207,8.0
20208,8.0
20209,8.0
20210,8.0
20211,8.0
20212,8.0
20213,8.0
20214,8.0
20215,8.0
20216,8.0
20217,8.0
20218,8.0
20219,8.0
20220,8.0
20221,8.0
20222,8.0
20223,8.0
20224,8.0
20225,8.0
20226,8.0
20227,8.0
20228,8.0
20229,8.0
20230,8.0
20231,8.0
20232,8.0
20233,8.0
20234,8.0
20235,8.0
20236,8.0
20237,8.0
20238,8.0
20239,8.0
20240,8.0
20241,8.0
20242,8.0
20243,8.0
20244,8.0
20245,8.0
20246,8.0
20247,8.0
20248,8.0
20249,8.0
20250,8.0
20251,8.0
20252,8.0
20253,8.0
20254,8.0
20255,8.0
20256,8.0
20257,8.0
20258,8.0
20259,8.0
20260,8.0
20261,8.0
20262,8.0
20263,8.0
20264,8.0
20265,8.0
20266,8.0
20267,8.0
20268,8.0
20269,8.0
20270,8.0
20271,8.0
20272,8.0
20273,8.0
20274,8.0
20275,8.0
20276,8.0
20277,8.0
20278,8.0
20279,8.0
20280,8.0
20281,8.0
20282,8.0
20283,8.0
20284,8.0
20285,8.0
20286,8.0
20287,8.0
20288,8.0
20289,8.0
20290,8.0
20291,8.0
20292,8.0
20293,8.0
20294,8.0
20295,8.0
20296,8.0
20297,8.0
20298,8.0
20299,8.0
20300,8.0
20301,8.0
20302,8.0
20303,8.0
20304,8.0
20305,8.0
20306,8.0
20307,8.0
20308,8.0
20309,8.0
20310,8.0
20311,8.0
20312,8.0
20313,8.0
20314,8.0
20315,8.0
20316,8.0
20317,8.0
20318,8.0
20319,8.0
20320,8.0
20321,8.0
20322,8.0
20323,8.0
20324,8.0
20325,8.0
20326,8.0
20327,8.0
20328,8.0
20329,8.0
20330,8.0
20331,8.0
20332,8.0
20333,8.0
20334,8.0
20335,8.0
20336,8.0
20337,8.0
20338,8.0
20339,8.0
20340,8.0
20341,8.0
20342,8.0
20343,8.0
20344,8.0
20345,8.0
20346,8.0
20347,8.0
20348,8.0
20349,8.0
20350,8.0
20351,8.0
20352,8.0
20353,8.0
20354,8.0
20355,8.0
20356,8.0
20357,8.0
20358,8.0
20359,8.0
20360,8.0
20361,8.0
20362,8.0
20363,8.0
20364,8.0
20365,8.0
20366,8.0
20367,8.0
20368,8.0
20369,8.0
20370,8.0
20371,8.0
20372,8.0
20373,8.0
20374,8.0
20375,8.0
20376,8.0
20377,8.0
20378,8.0
20379,8.0
20380,8.0
20381,8.0
20382,8.0
20383,8.0
20384,8.0
20385,8.0
20386,8.0
20387,8.0
20388,8.0
20389,8.0
20390,8.0
20391,8.0
20392,8.0
20393,8.0
20394,8.0
20395,8.0
20396,8.0
20397,8.0
20398,8.0
20399,8.0
20400,8.0
20401,8.0
20402,8.0
20403,8.0
20404,8.0
20405,8.0
20406,8.0
20407,8.0
20408,8.0
20409,8.0
20410,8.0
20411,8.0
20412,8.0
20413,8.0
20414,8.0
20415,8.0
20416,8.0
20417,8.0
20418,8.0
20419,8.0
20420,8.0
20421,8.0
20422,8.0
20423,8.0
20424,8.0
20425,8.0
20426,8.0
20427,8.0
20428,8.0
20429,8.0
20430,8.0
20431,8.0
20432,8.0
20433,8.0
20434,8.0
20435,8.0
20436,8.0
20437,8.0
20438,8.0
20439,8.0
20440,8.0
20441,8.0
20442,8.0
20443,8.0
20444,8.0
20445,8.0
20446,8.0
20447,8.0
20448,8.0
20449,8.0
20450,8.0
20451,8.0
20452,8.0
20453,8.0
20454,8.0
20455,8.0
20456,8.0
20457,8.0
20458,8.0
20459,8.0
20460,8.0
20461,8.0
20462,8.0
20463,8.0
20464,8.0
20465,8.0
20466,8.0
20467,8.0
20468,8.0
20469,8.0
20470,8.0
20471,8.0
20472,8.0
20473,8.0
20474,8.0
20475,8.0
20476,8.0
20477,8.0
20478,8.0
20479,8.0
20480,8.0
20481,8.0
20482,8.0
20483,8.0
20484,8.0
20485,8.0
20486,8.0
20487,8.0
20488,8.0
20489,8.0
20490,8.0
20491,8.0
20492,8.0
20493,8.0
20494,8.0
20495,8.0
20496,8.0
20497,8.0
20498,8.0
20499,8.0
20500,8.0
20501,8.0
20502,8.0
20503,8.0
20504,8.0
20505,8.0
20506,8.0
20507,8.0
20508,8.0
20509,8.0
20510,8.0
20511,8.0
20512,8.0
20513,8.0
20514,8.0
20515,8.0
20516,8.0
20517,8.0
20518,8.0
20519,8.0
20520,8.0
20521,8.0
20522,8.0
20523,8.0
20524,8.0
20525,8.0
20526,8.0
20527,8.0
20528,8.0
20529,8.0
20530,8.0
20531,8.0
20532,8.0
20533,8.0
20534,8.0
20535,8.0
20536,8.0
20537,8.0
20538,8.0
20539,8.0
20540,8.0
20541,8.0
20542,8.0
20543,8.0
20544,8.0
20545,8.0
20546,8.0
20547,8.0
20548,8.0
20549,8.0
20550,8.0
20551,8.0
20552,8.0
20553,8.0
20554,8.0
20555,8.0
20556,8.0
20557,8.0
20558,8.0
20559,8.0
20560,8.0
20561,8.0
20562,8.0
20563,8.0
20564,8.0
20565,8.0
20566,8.0
20567,8.0
20568,8.0
20569,8.0
20570,8.0
20571,8.0
20572,8.0
20573,8.0
20574,8.0
20575,8.0
20576,8.0
20577,8.0
20578,8.0
20579,8.0
20580,8.0
20581,8.0
20582,8.0
20583,8.0
20584,8.0
20585,8.0
20586,8.0
20587,8.0
20588,8.0
20589,8.0
20590,8.0
20591,8.0
20592,8.0
20593,8.0
20594,8.0
20595,8.0
20596,8.0
20597,8.0
20598,8.0
20599,8.0
20600,8.0
20601,8.0
20602,8.0
20603,8.0
20604,8.0
20605,8.0
20606,8.0
20607,8.0
20608,8.0
20609,8.0
20610,8.0
20611,8.0
20612,8.0
20613,8.0
20614,8.0
20615,8.0
20616,8.0
20617,8.0
20618,8.0
20619,8.0
20620,8.0
20621,8.0
20622,8.0
20623,8.0
20624,8.0
20625,8.0
20626,8.0
20627,8.0
20628,8.0
20629,8.0
20630,8.0
20631,8.0
20632,3.0
20633,8.0
20634,8.0
20635,8.0
20636,7.0
20637,1.0
20638,8.0
20639,8.0
20640,8.0
20641,8.0
20642,8.0
20643,8.0
20644,8.0
20645,8.0
20646,8.0
20647,8.0
20648,8.0
20649,8.0
20650,8.0
20651,8.0
20652,8.0
20653,8.0
20654,8.0
20655,1.0
20656,8.0
20657,8.0
20658,8.0
20659,8.0
20660,8.0
20661,1.0
20662,8.0
20663,7.0
20664,8.0
20665,8.0
20666,4.0
20667,8.0
20668,8.0
20669,8.0
20670,8.0
20671,8.0
20672,8.0
20673,8.0
20674,8.0
20675,8.0
20676,8.0
20677,5.0
20678,8.0
20679,8.0
20680,8.0
20681,1.0
20682,8.0
20683,8.0
20684,8.0
20685,8.0
20686,7.0
20687,8.0
20688,8.0
20689,8.0
20690,8.0
20691,8.0
20692,0.0
20693,8.0
20694,8.0
20695,8.0
20696,8.0
20697,7.0
20698,1.0
20699,8.0
20700,8.0
20701,8.0
20702,6.0
20703,8.0
20704,8.0
20705,8.0
20706,8.0
20707,8.0
20708,8.0
20709,8.0
20710,8.0
20711,8.0
20712,8.0
20713,8.0
20714,8.0
20715,8.0
20716,5.0
20717,7.0
20718,8.0
20719,2.0
20720,8.0
20721,6.0
20722,8.0
20723,8.0
20724,8.0
20725,8.0
20726,8.0
20727,8.0
20728,8.0
20729,8.0
20730,8.0
20731,8.0
20732,8.0
20733,8.0
20734,8.0
20735,8.0
20736,8.0
20737,8.0
20738,8.0
20739,8.0
20740,8.0
20741,8.0
20742,8.0
20743,0.0
20744,8.0
20745,8.0
20746,8.0
20747,8.0
20748,2.0
20749,8.0
20750,1.0
20751,8.0
20752,7.0
20753,8.0
20754,8.0
20755,8.0
20756,8.0
20757,1.0
20758,9.0
20759,8.0
20760,3.0
20761,8.0
20762,8.0
20763,8.0
20764,8.0
20765,8.0
20766,8.0
20767,8.0
20768,8.0
20769,8.0
20770,8.0
20771,5.0
20772,5.0
20773,8.0
20774,8.0
20775,8.0
20776,8.0
20777,7.0
20778,8.0
20779,9.0
20780,8.0
20781,8.0
20782,8.0
20783,3.0
20784,4.0
20785,8.0
20786,8.0
20787,8.0
20788,8.0
20789,8.0
20790,8.0
20791,8.0
20792,8.0
20793,8.0
20794,6.0
20795,8.0
20796,8.0
20797,8.0
20798,8.0
20799,0.0
20800,8.0
20801,4.0
20802,9.0
20803,8.0
20804,8.0
20805,8.0
20806,0.0
20807,8.0
20808,5.0
20809,7.0
20810,8.0
20811,8.0
20812,8.0
20813,8.0
20814,1.0
20815,8.0
20816,8.0
20817,4.0
20818,8.0
20819,8.0
20820,8.0
20821,8.0
20822,2.0
20823,8.0
20824,8.0
20825,8.0
20826,8.0
20827,8.0
20828,8.0
20829,8.0
20830,8.0
20831,8.0
20832,8.0
20833,8.0
20834,8.0
20835,8.0
20836,8.0
20837,8.0
20838,0.0
20839,8.0
20840,8.0
20841,8.0
20842,8.0
20843,8.0
20844,8.0
20845,8.0
20846,0.0
20847,8.0
20848,8.0
20849,7.0
20850,4.0
20851,2.0
20852,8.0
20853,8.0
20854,7.0
20855,8.0
20856,8.0
20857,7.0
20858,8.0
20859,8.0
20860,8.0
20861,8.0
20862,8.0
20863,8.0
20864,8.0
20865,8.0
20866,8.0
20867,8.0
20868,8.0
20869,8.0
20870,8.0
20871,8.0
20872,5.0
20873,8.0
20874,8.0
20875,8.0
20876,8.0
20877,8.0
20878,8.0
20879,8.0
20880,1.0
20881,8.0
20882,8.0
20883,8.0
20884,8.0
20885,8.0
20886,8.0
20887,8.0
20888,5.0
20889,8.0
20890,4.0
20891,8.0
20892,6.0
20893,8.0
20894,8.0
20895,8.0
20896,8.0
20897,8.0
20898,8.0
20899,8.0
20900,8.0
20901,8.0
20902,4.0
20903,8.0
20904,8.0
20905,8.0
20906,8.0
20907,8.0
20908,8.0
20909,8.0
20910,8.0
20911,8.0
20912,9.0
20913,8.0
20914,8.0
20915,6.0
20916,8.0
20917,8.0
20918,8.0
20919,8.0
20920,8.0
20921,8.0
20922,9.0
20923,3.0
20924,8.0
20925,0.0
20926,8.0
20927,8.0
20928,8.0
20929,8.0
20930,8.0
20931,8.0
20932,8.0
20933,3.0
20934,8.0
20935,6.0
20936,8.0
20937,8.0
20938,8.0
20939,1.0
20940,8.0
20941,8.0
20942,7.0
20943,8.0
20944,8.0
20945,8.0
20946,8.0
20947,8.0
20948,8.0
20949,8.0
20950,8.0
20951,7.0
20952,8.0
20953,9.0
20954,0.0
20955,8.0
20956,8.0
20957,8.0
20958,8.0
20959,3.0
20960,8.0
20961,3.0
20962,8.0
20963,8.0
20964,8.0
20965,8.0
20966,8.0
20967,8.0
20968,8.0
20969,8.0
20970,8.0
20971,2.0
20972,8.0
20973,8.0
20974,8.0
20975,8.0
20976,4.0
20977,8.0
20978,5.0
20979,8.0
20980,0.0
20981,1.0
20982,8.0
20983,8.0
20984,8.0
20985,8.0
20986,8.0
20987,8.0
20988,8.0
20989,8.0
20990,8.0
20991,8.0
20992,8.0
20993,8.0
20994,8.0
20995,6.0
20996,8.0
20997,8.0
20998,8.0
20999,8.0
21000,8.0
21001,5.0
21002,8.0
21003,8.0
21004,8.0
21005,5.0
21006,6.0
21007,8.0
21008,8.0
21009,8.0
21010,8.0
21011,8.0
21012,8.0
21013,8.0
21014,8.0
21015,0.0
21016,3.0
21017,8.0
21018,8.0
21019,8.0
21020,8.0
21021,8.0
21022,8.0
21023,8.0
21024,8.0
21025,8.0
21026,8.0
21027,8.0
21028,8.0
21029,8.0
21030,8.0
21031,8.0
21032,8.0
21033,8.0
21034,8.0
21035,8.0
21036,2.0
21037,8.0
21038,8.0
21039,2.0
21040,8.0
21041,4.0
21042,8.0
21043,8.0
21044,8.0
21045,8.0
21046,9.0
21047,8.0
21048,8.0
21049,8.0
21050,8.0
21051,8.0
21052,1.0
21053,8.0
21054,8.0
21055,8.0
21056,8.0
21057,1.0
21058,8.0
21059,8.0
21060,1.0
21061,8.0
21062,8.0
21063,8.0
21064,8.0
21065,8.0
21066,8.0
21067,8.0
21068,2.0
21069,8.0
21070,8.0
21071,8.0
21072,0.0
21073,8.0
21074,8.0
21075,8.0
21076,6.0
21077,8.0
21078,6.0
21079,8.0
21080,8.0
21081,9.0
21082,0.0
21083,8.0
21084,8.0
21085,8.0
21086,8.0
21087,8.0
21088,8.0
21089,8.0
21090,8.0
21091,4.0
21092,8.0
21093,8.0
21094,8.0
21095,8.0
21096,8.0
21097,7.0
21098,8.0
21099,4.0
21100,8.0
21101,8.0
21102,8.0
21103,8.0
21104,8.0
21105,8.0
21106,8.0
21107,8.0
21108,4.0
21109,0.0
21110,8.0
21111,8.0
21112,8.0
21113,8.0
21114,8.0
21115,3.0
21116,8.0
21117,8.0
21118,8.0
21119,8.0
21120,6.0
21121,8.0
21122,8.0
21123,8.0
21124,3.0
21125,8.0
21126,1.0
21127,1.0
21128,8.0
21129,8.0
21130,8.0
21131,1.0
21132,8.0
21133,8.0
21134,8.0
21135,8.0
21136,2.0
21137,8.0
21138,8.0
21139,9.0
21140,8.0
21141,8.0
21142,8.0
21143,8.0
21144,8.0
21145,8.0
21146,8.0
21147,4.0
21148,8.0
21149,3.0
21150,8.0
21151,8.0
21152,4.0
21153,8.0
21154,8.0
21155,7.0
21156,8.0
21157,8.0
21158,8.0
21159,8.0
21160,8.0
21161,8.0
21162,8.0
21163,2.0
21164,8.0
21165,8.0
21166,8.0
21167,8.0
21168,8.0
21169,8.0
21170,8.0
21171,8.0
21172,8.0
21173,8.0
21174,8.0
21175,3.0
21176,8.0
21177,7.0
21178,8.0
21179,8.0
21180,8.0
21181,8.0
21182,9.0
21183,8.0
21184,8.0
21185,8.0
21186,8.0
21187,8.0
21188,8.0
21189,8.0
21190,8.0
21191,8.0
21192,8.0
21193,7.0
21194,8.0
21195,8.0
21196,8.0
21197,3.0
21198,3.0
21199,8.0
21200,6.0
21201,8.0
21202,8.0
21203,8.0
21204,8.0
21205,8.0
21206,4.0
21207,8.0
21208,8.0
21209,8.0
21210,4.0
21211,8.0
21212,8.0
21213,8.0
21214,8.0
21215,8.0
21216,8.0
21217,7.0
21218,8.0
21219,8.0
21220,8.0
21221,0.0
21222,5.0
21223,8.0
21224,6.0
21225,8.0
21226,8.0
21227,8.0
21228,8.0
21229,8.0
21230,8.0
21231,8.0
21232,8.0
21233,8.0
21234,8.0
21235,8.0
21236,8.0
21237,8.0
21238,8.0
21239,8.0
21240,8.0
21241,3.0
21242,6.0
21243,4.0
21244,8.0
21245,8.0
21246,8.0
21247,8.0
21248,8.0
21249,8.0
21250,8.0
21251,8.0
21252,8.0
21253,8.0
21254,7.0
21255,8.0
21256,8.0
21257,8.0
21258,8.0
21259,8.0
21260,2.0
21261,8.0
21262,4.0
21263,7.0
21264,4.0
21265,8.0
21266,8.0
21267,3.0
21268,8.0
21269,2.0
21270,8.0
21271,8.0
21272,8.0
21273,8.0
21274,8.0
21275,8.0
21276,8.0
21277,9.0
21278,8.0
21279,8.0
21280,1.0
21281,8.0
21282,8.0
21283,3.0
21284,8.0
21285,8.0
21286,8.0
21287,8.0
21288,8.0
21289,8.0
21290,2.0
21291,5.0
21292,8.0
21293,8.0
21294,0.0
21295,3.0
21296,8.0
21297,3.0
21298,8.0
21299,8.0
21300,8.0
21301,8.0
21302,8.0
21303,8.0
21304,8.0
21305,1.0
21306,8.0
21307,8.0
21308,7.0
21309,8.0
21310,8.0
21311,8.0
21312,8.0
21313,8.0
21314,8.0
21315,8.0
21316,6.0
21317,8.0
21318,8.0
21319,8.0
21320,8.0
21321,8.0
21322,3.0
21323,8.0
21324,8.0
21325,8.0
21326,8.0
21327,8.0
21328,8.0
21329,8.0
21330,8.0
21331,8.0
21332,8.0
21333,8.0
21334,8.0
21335,5.0
21336,8.0
21337,4.0
21338,8.0
21339,8.0
21340,0.0
21341,8.0
21342,8.0
21343,3.0
21344,8.0
21345,8.0
21346,8.0
21347,8.0
21348,8.0
21349,8.0
21350,6.0
21351,8.0
21352,8.0
21353,8.0
21354,8.0
21355,2.0
21356,8.0
21357,8.0
21358,0.0
21359,8.0
21360,8.0
21361,8.0
21362,8.0
21363,8.0
21364,0.0
21365,8.0
21366,8.0
21367,8.0
21368,8.0
21369,8.0
21370,3.0
21371,8.0
21372,2.0
21373,9.0
21374,8.0
21375,8.0
21376,8.0
21377,8.0
21378,8.0
21379,8.0
21380,8.0
21381,8.0
21382,8.0
21383,8.0
21384,8.0
21385,8.0
21386,8.0
21387,8.0
21388,8.0
21389,8.0
21390,8.0
21391,8.0
21392,8.0
21393,8.0
21394,8.0
21395,8.0
21396,8.0
21397,8.0
21398,2.0
21399,8.0
21400,8.0
21401,7.0
21402,8.0
21403,8.0
21404,8.0
21405,8.0
21406,8.0
21407,8.0
21408,8.0
21409,8.0
21410,8.0
21411,8.0
21412,5.0
21413,8.0
21414,8.0
21415,8.0
21416,9.0
21417,5.0
21418,8.0
21419,8.0
21420,4.0
21421,8.0
21422,8.0
21423,8.0
21424,8.0
21425,8.0
21426,5.0
21427,5.0
21428,8.0
21429,4.0
21430,8.0
21431,8.0
21432,7.0
21433,8.0
21434,8.0
21435,8.0
21436,8.0
21437,8.0
21438,2.0
21439,6.0
21440,3.0
21441,9.0
21442,5.0
21443,8.0
21444,8.0
21445,5.0
21446,8.0
21447,8.0
21448,8.0
21449,8.0
21450,8.0
21451,8.0
21452,8.0
21453,8.0
21454,8.0
21455,8.0
21456,8.0
21457,8.0
21458,8.0
21459,8.0
21460,3.0
21461,8.0
21462,8.0
21463,8.0
21464,0.0
21465,8.0
21466,8.0
21467,8.0
21468,8.0
21469,8.0
21470,3.0
21471,8.0
21472,2.0
21473,7.0
21474,8.0
21475,8.0
21476,8.0
21477,8.0
21478,9.0
21479,2.0
21480,8.0
21481,8.0
21482,8.0
21483,8.0
21484,8.0
21485,8.0
21486,8.0
21487,1.0
21488,8.0
21489,8.0
21490,8.0
21491,8.0
21492,8.0
21493,8.0
21494,8.0
21495,8.0
21496,8.0
21497,1.0
21498,8.0
21499,8.0
21500,8.0
21501,5.0
21502,8.0
21503,8.0
21504,8.0
21505,3.0
21506,8.0
21507,8.0
21508,8.0
21509,8.0
21510,8.0
21511,9.0
21512,8.0
21513,2.0
21514,1.0
21515,8.0
21516,8.0
21517,8.0
21518,6.0
21519,8.0
21520,8.0
21521,8.0
21522,6.0
21523,8.0
21524,8.0
21525,8.0
21526,9.0
21527,7.0
21528,8.0
21529,8.0
21530,8.0
21531,8.0
21532,8.0
21533,8.0
21534,8.0
21535,8.0
21536,8.0
21537,8.0
21538,7.0
21539,8.0
21540,8.0
21541,8.0
21542,8.0
21543,8.0
21544,8.0
21545,8.0
21546,8.0
21547,8.0
21548,8.0
21549,8.0
21550,8.0
21551,8.0
21552,8.0
21553,8.0
21554,8.0
21555,8.0
21556,8.0
21557,8.0
21558,3.0
21559,8.0
21560,8.0
21561,1.0
21562,8.0
21563,8.0
21564,8.0
21565,9.0
21566,8.0
21567,8.0
21568,8.0
21569,8.0
21570,8.0
21571,8.0
21572,8.0
21573,8.0
21574,8.0
21575,8.0
21576,8.0
21577,8.0
21578,8.0
21579,8.0
21580,8.0
21581,8.0
21582,8.0
21583,8.0
21584,8.0
21585,8.0
21586,8.0
21587,8.0
21588,8.0
21589,7.0
21590,8.0
21591,8.0
21592,8.0
21593,8.0
21594,9.0
21595,3.0
21596,8.0
21597,8.0
21598,8.0
21599,8.0
21600,8.0
21601,8.0
21602,9.0
21603,8.0
21604,8.0
21605,8.0
21606,8.0
21607,8.0
21608,8.0
21609,8.0
21610,3.0
21611,9.0
21612,8.0
21613,8.0
21614,8.0
21615,8.0
21616,8.0
21617,8.0
21618,4.0
21619,8.0
21620,8.0
21621,8.0
21622,8.0
21623,8.0
21624,8.0
21625,8.0
21626,8.0
21627,8.0
21628,8.0
21629,8.0
21630,8.0
21631,8.0
21632,8.0
21633,8.0
21634,8.0
21635,8.0
21636,8.0
21637,8.0
21638,8.0
21639,8.0
21640,8.0
21641,1.0
21642,8.0
21643,8.0
21644,8.0
21645,8.0
21646,8.0
21647,8.0
21648,8.0
21649,8.0
21650,8.0
21651,5.0
21652,5.0
21653,8.0
21654,8.0
21655,8.0
21656,8.0
21657,8.0
21658,8.0
21659,8.0
21660,8.0
21661,9.0
21662,8.0
21663,8.0
21664,8.0
21665,8.0
21666,8.0
21667,8.0
21668,8.0
21669,8.0
21670,7.0
21671,8.0
21672,8.0
21673,2.0
21674,8.0
21675,8.0
21676,8.0
21677,8.0
21678,8.0
21679,4.0
21680,8.0
21681,5.0
21682,8.0
21683,8.0
21684,8.0
21685,8.0
21686,8.0
21687,8.0
21688,8.0
21689,8.0
21690,8.0
21691,2.0
21692,8.0
21693,2.0
21694,8.0
21695,8.0
21696,8.0
21697,9.0
21698,8.0
21699,8.0
21700,9.0
21701,1.0
21702,8.0
21703,8.0
21704,8.0
21705,8.0
21706,8.0
21707,8.0
21708,8.0
21709,8.0
21710,8.0
21711,8.0
21712,8.0
21713,3.0
21714,8.0
21715,8.0
21716,9.0
21717,8.0
21718,8.0
21719,8.0
21720,8.0
21721,8.0
21722,8.0
21723,8.0
21724,8.0
21725,8.0
21726,8.0
21727,5.0
21728,4.0
21729,8.0
21730,8.0
21731,8.0
21732,8.0
21733,6.0
21734,1.0
21735,8.0
21736,8.0
21737,8.0
21738,8.0
21739,9.0
21740,8.0
21741,8.0
21742,8.0
21743,8.0
21744,8.0
21745,8.0
21746,9.0
21747,5.0
21748,8.0
21749,8.0
21750,8.0
21751,8.0
21752,8.0
21753,8.0
21754,8.0
21755,8.0
21756,8.0
21757,8.0
21758,8.0
21759,4.0
21760,8.0
21761,8.0
21762,8.0
21763,6.0
21764,8.0
21765,8.0
21766,8.0
21767,0.0
21768,8.0
21769,8.0
21770,8.0
21771,8.0
21772,8.0
21773,8.0
21774,8.0
21775,8.0
21776,8.0
21777,5.0
21778,8.0
21779,8.0
21780,7.0
21781,8.0
21782,8.0
21783,8.0
21784,3.0
21785,7.0
21786,8.0
21787,2.0
21788,8.0
21789,8.0
21790,8.0
21791,8.0
21792,8.0
21793,8.0
21794,8.0
21795,8.0
21796,8.0
21797,8.0
21798,8.0
21799,8.0
21800,8.0
21801,8.0
21802,8.0
21803,8.0
21804,8.0
21805,8.0
21806,8.0
21807,8.0
21808,8.0
21809,8.0
21810,8.0
21811,8.0
21812,8.0
21813,8.0
21814,8.0
21815,8.0
21816,8.0
21817,3.0
21818,8.0
21819,8.0
21820,9.0
21821,8.0
21822,7.0
21823,8.0
21824,8.0
21825,4.0
21826,8.0
21827,8.0
21828,8.0
21829,8.0
21830,1.0
21831,8.0
21832,8.0
21833,8.0
21834,8.0
21835,8.0
21836,0.0
21837,8.0
21838,8.0
21839,8.0
21840,8.0
21841,8.0
21842,8.0
21843,8.0
21844,8.0
21845,8.0
21846,1.0
21847,8.0
21848,8.0
21849,2.0
21850,0.0
21851,8.0
21852,5.0
21853,8.0
21854,8.0
21855,2.0
21856,8.0
21857,8.0
21858,4.0
21859,8.0
21860,8.0
21861,8.0
21862,8.0
21863,8.0
21864,8.0
21865,8.0
21866,8.0
21867,5.0
21868,8.0
21869,8.0
21870,8.0
21871,8.0
21872,8.0
21873,8.0
21874,8.0
21875,1.0
21876,8.0
21877,8.0
21878,8.0
21879,8.0
21880,8.0
21881,8.0
21882,9.0
21883,8.0
21884,8.0
21885,8.0
21886,8.0
21887,8.0
21888,8.0
21889,8.0
21890,2.0
21891,4.0
21892,1.0
21893,8.0
21894,8.0
21895,8.0
21896,4.0
21897,8.0
21898,8.0
21899,8.0
21900,8.0
21901,7.0
21902,8.0
21903,8.0
21904,8.0
21905,8.0
21906,8.0
21907,8.0
21908,4.0
21909,8.0
21910,8.0
21911,8.0
21912,3.0
21913,8.0
21914,8.0
21915,8.0
21916,8.0
21917,8.0
21918,8.0
21919,2.0
21920,8.0
21921,8.0
21922,4.0
21923,8.0
21924,8.0
21925,8.0
21926,8.0
21927,8.0
21928,8.0
21929,8.0
21930,8.0
21931,8.0
21932,8.0
21933,8.0
21934,8.0
21935,5.0
21936,8.0
21937,8.0
21938,8.0
21939,8.0
21940,8.0
21941,8.0
21942,8.0
21943,8.0
21944,8.0
21945,8.0
21946,8.0
21947,8.0
21948,8.0
21949,2.0
21950,6.0
21951,8.0
21952,8.0
21953,8.0
21954,8.0
21955,8.0
21956,8.0
21957,5.0
21958,8.0
21959,8.0
21960,9.0
21961,2.0
21962,8.0
21963,4.0
21964,8.0
21965,8.0
21966,8.0
21967,8.0
21968,8.0
21969,8.0
21970,5.0
21971,8.0
21972,8.0
21973,8.0
21974,8.0
21975,8.0
21976,8.0
21977,4.0
21978,8.0
21979,8.0
21980,8.0
21981,8.0
21982,4.0
21983,9.0
21984,8.0
21985,2.0
21986,8.0
21987,2.0
21988,8.0
21989,0.0
21990,2.0
21991,8.0
21992,8.0
21993,8.0
21994,9.0
21995,8.0
21996,8.0
21997,8.0
21998,8.0
21999,8.0
22000,8.0
22001,0.0
22002,8.0
22003,5.0
22004,8.0
22005,8.0
22006,8.0
22007,8.0
22008,8.0
22009,8.0
22010,7.0
22011,8.0
22012,8.0
22013,8.0
22014,8.0
22015,8.0
22016,8.0
22017,8.0
22018,8.0
22019,1.0
22020,8.0
22021,8.0
22022,8.0
22023,9.0
22024,9.0
22025,8.0
22026,8.0
22027,8.0
22028,5.0
22029,9.0
22030,8.0
22031,1.0
22032,8.0
22033,8.0
22034,8.0
22035,8.0
22036,5.0
22037,8.0
22038,8.0
22039,0.0
22040,8.0
22041,8.0
22042,8.0
22043,8.0
22044,8.0
22045,8.0
22046,8.0
22047,8.0
22048,0.0
22049,8.0
22050,8.0
22051,8.0
22052,8.0
22053,8.0
22054,8.0
22055,4.0
22056,8.0
22057,8.0
22058,8.0
22059,8.0
22060,8.0
22061,8.0
22062,8.0
22063,8.0
22064,8.0
22065,8.0
22066,8.0
22067,4.0
22068,8.0
22069,9.0
22070,8.0
22071,8.0
22072,8.0
22073,8.0
22074,8.0
22075,9.0
22076,3.0
22077,9.0
22078,8.0
22079,8.0
22080,8.0
22081,8.0
22082,8.0
22083,8.0
22084,5.0
22085,8.0
22086,8.0
22087,8.0
22088,9.0
22089,8.0
22090,8.0
22091,8.0
22092,8.0
22093,8.0
22094,8.0
22095,8.0
22096,8.0
22097,8.0
22098,8.0
22099,8.0
22100,8.0
22101,8.0
22102,8.0
22103,8.0
22104,8.0
22105,8.0
22106,6.0
22107,8.0
22108,8.0
22109,8.0
22110,8.0
22111,8.0
22112,8.0
22113,8.0
22114,8.0
22115,9.0
22116,8.0
22117,8.0
22118,8.0
22119,8.0
22120,8.0
22121,8.0
22122,8.0
22123,8.0
22124,8.0
22125,8.0
22126,8.0
22127,8.0
22128,8.0
22129,8.0
22130,8.0
22131,4.0
22132,8.0
22133,8.0
22134,8.0
22135,8.0
22136,5.0
22137,8.0
22138,8.0
22139,8.0
22140,8.0
22141,8.0
22142,8.0
22143,8.0
22144,8.0
22145,8.0
22146,8.0
22147,2.0
22148,8.0
22149,8.0
22150,8.0
22151,8.0
22152,8.0
22153,8.0
22154,8.0
22155,8.0
22156,8.0
22157,8.0
22158,8.0
22159,8.0
22160,8.0
22161,8.0
22162,8.0
22163,8.0
22164,4.0
22165,8.0
22166,8.0
22167,8.0
22168,8.0
22169,8.0
22170,3.0
22171,8.0
22172,8.0
22173,8.0
22174,3.0
22175,8.0
22176,8.0
22177,8.0
22178,8.0
22179,8.0
22180,8.0
22181,8.0
22182,8.0
22183,8.0
22184,8.0
22185,8.0
22186,8.0
22187,3.0
22188,5.0
22189,8.0
22190,8.0
22191,8.0
22192,8.0
22193,3.0
22194,8.0
22195,8.0
22196,9.0
22197,9.0
22198,9.0
22199,8.0
22200,8.0
22201,8.0
22202,3.0
22203,5.0
22204,8.0
22205,1.0
22206,8.0
22207,8.0
22208,8.0
22209,8.0
22210,8.0
22211,8.0
22212,8.0
22213,8.0
22214,8.0
22215,8.0
22216,8.0
22217,8.0
22218,8.0
22219,8.0
22220,8.0
22221,8.0
22222,8.0
22223,8.0
22224,8.0
22225,8.0
22226,8.0
22227,8.0
22228,8.0
22229,8.0
22230,9.0
22231,8.0
22232,1.0
22233,8.0
22234,8.0
22235,8.0
22236,8.0
22237,5.0
22238,8.0
22239,8.0
22240,8.0
22241,8.0
22242,8.0
22243,1.0
22244,3.0
22245,8.0
22246,8.0
22247,8.0
22248,8.0
22249,1.0
22250,8.0
22251,8.0
22252,8.0
22253,8.0
22254,9.0
22255,9.0
22256,8.0
22257,2.0
22258,8.0
22259,9.0
22260,8.0
22261,9.0
22262,8.0
22263,8.0
22264,8.0
22265,8.0
22266,8.0
22267,8.0
22268,8.0
22269,8.0
22270,8.0
22271,8.0
22272,8.0
22273,5.0
22274,8.0
22275,8.0
22276,8.0
22277,8.0
22278,8.0
22279,8.0
22280,8.0
22281,8.0
22282,8.0
22283,8.0
22284,4.0
22285,8.0
22286,8.0
22287,8.0
22288,8.0
22289,8.0
22290,8.0
22291,1.0
22292,8.0
22293,8.0
22294,8.0
22295,4.0
22296,8.0
22297,5.0
22298,8.0
22299,8.0
22300,3.0
22301,8.0
22302,8.0
22303,8.0
22304,4.0
22305,8.0
22306,9.0
22307,8.0
22308,8.0
22309,8.0
22310,0.0
22311,8.0
22312,8.0
22313,8.0
22314,8.0
22315,8.0
22316,8.0
22317,8.0
22318,8.0
22319,8.0
22320,8.0
22321,8.0
22322,8.0
22323,8.0
22324,8.0
22325,8.0
22326,8.0
22327,8.0
22328,8.0
22329,8.0
22330,8.0
22331,8.0
22332,8.0
22333,8.0
22334,8.0
22335,8.0
22336,5.0
22337,8.0
22338,8.0
22339,8.0
22340,5.0
22341,8.0
22342,8.0
22343,2.0
22344,8.0
22345,8.0
22346,4.0
22347,8.0
22348,7.0
22349,4.0
22350,8.0
22351,8.0
22352,8.0
22353,8.0
22354,8.0
22355,6.0
22356,8.0
22357,8.0
22358,8.0
22359,8.0
22360,8.0
22361,5.0
22362,8.0
22363,8.0
22364,9.0
22365,8.0
22366,8.0
22367,8.0
22368,8.0
22369,8.0
22370,8.0
22371,5.0
22372,8.0
22373,8.0
22374,8.0
22375,8.0
22376,8.0
22377,8.0
22378,8.0
22379,8.0
22380,8.0
22381,8.0
22382,9.0
22383,8.0
22384,8.0
22385,8.0
22386,8.0
22387,8.0
22388,8.0
22389,8.0
22390,0.0
22391,5.0
22392,8.0
22393,8.0
22394,8.0
22395,8.0
22396,8.0
22397,8.0
22398,8.0
22399,8.0
22400,8.0
22401,8.0
22402,8.0
22403,8.0
22404,8.0
22405,8.0
22406,8.0
22407,8.0
22408,8.0
22409,8.0
22410,8.0
22411,8.0
22412,8.0
22413,8.0
22414,8.0
22415,8.0
22416,4.0
22417,8.0
22418,8.0
22419,5.0
22420,7.0
22421,8.0
22422,8.0
22423,8.0
22424,8.0
22425,8.0
22426,8.0
22427,2.0
22428,8.0
22429,3.0
22430,8.0
22431,8.0
22432,8.0
22433,8.0
22434,8.0
22435,8.0
22436,8.0
22437,8.0
22438,8.0
22439,8.0
22440,8.0
22441,8.0
22442,8.0
22443,8.0
22444,8.0
22445,8.0
22446,8.0
22447,8.0
22448,8.0
22449,8.0
22450,8.0
22451,5.0
22452,8.0
22453,8.0
22454,8.0
22455,8.0
22456,8.0
22457,8.0
22458,8.0
22459,8.0
22460,8.0
22461,8.0
22462,8.0
22463,8.0
22464,8.0
22465,8.0
22466,8.0
22467,8.0
22468,8.0
22469,4.0
22470,8.0
22471,8.0
22472,9.0
22473,8.0
22474,8.0
22475,8.0
22476,8.0
22477,8.0
22478,8.0
22479,8.0
22480,8.0
22481,8.0
22482,8.0
22483,8.0
22484,8.0
22485,8.0
22486,8.0
22487,8.0
22488,8.0
22489,9.0
22490,2.0
22491,8.0
22492,8.0
22493,8.0
22494,8.0
22495,4.0
22496,4.0
22497,3.0
22498,8.0
22499,8.0
22500,8.0
22501,8.0
22502,8.0
22503,8.0
22504,8.0
22505,5.0
22506,8.0
22507,7.0
22508,8.0
22509,5.0
22510,8.0
22511,8.0
22512,3.0
22513,8.0
22514,8.0
22515,8.0
22516,8.0
22517,8.0
22518,8.0
22519,8.0
22520,8.0
22521,8.0
22522,8.0
22523,5.0
22524,8.0
22525,8.0
22526,8.0
22527,8.0
22528,8.0
22529,8.0
22530,4.0
22531,8.0
22532,8.0
22533,5.0
22534,8.0
22535,8.0
22536,8.0
22537,8.0
22538,8.0
22539,8.0
22540,8.0
22541,6.0
22542,9.0
22543,8.0
22544,8.0
22545,8.0
22546,8.0
22547,8.0
22548,8.0
22549,8.0
22550,8.0
22551,8.0
22552,8.0
22553,8.0
22554,8.0
22555,3.0
22556,8.0
22557,8.0
22558,0.0
22559,8.0
22560,8.0
22561,8.0
22562,8.0
22563,8.0
22564,8.0
22565,8.0
22566,8.0
22567,8.0
22568,8.0
22569,8.0
22570,8.0
22571,8.0
22572,8.0
22573,8.0
22574,8.0
22575,5.0
22576,8.0
22577,8.0
22578,8.0
22579,8.0
22580,8.0
22581,8.0
22582,8.0
22583,8.0
22584,8.0
22585,8.0
22586,9.0
22587,8.0
22588,8.0
22589,8.0
22590,4.0
22591,7.0
22592,8.0
22593,8.0
22594,2.0
22595,8.0
22596,8.0
22597,8.0
22598,8.0
22599,8.0
22600,8.0
22601,8.0
22602,0.0
22603,8.0
22604,8.0
22605,8.0
22606,8.0
22607,3.0
22608,8.0
22609,9.0
22610,8.0
22611,8.0
22612,7.0
22613,8.0
22614,8.0
22615,8.0
22616,8.0
22617,8.0
22618,8.0
22619,8.0
22620,8.0
22621,8.0
22622,8.0
22623,8.0
22624,8.0
22625,8.0
22626,0.0
22627,8.0
22628,4.0
22629,8.0
22630,1.0
22631,8.0
22632,8.0
22633,8.0
22634,8.0
22635,8.0
22636,8.0
22637,8.0
22638,8.0
22639,9.0
22640,8.0
22641,8.0
22642,8.0
22643,8.0
22644,9.0
22645,8.0
22646,8.0
22647,8.0
22648,6.0
22649,8.0
22650,8.0
22651,8.0
22652,8.0
22653,8.0
22654,8.0
22655,8.0
22656,8.0
22657,8.0
22658,8.0
22659,7.0
22660,8.0
22661,8.0
22662,8.0
22663,8.0
22664,8.0
22665,8.0
22666,0.0
22667,8.0
22668,8.0
22669,8.0
22670,8.0
22671,8.0
22672,6.0
22673,8.0
22674,8.0
22675,8.0
22676,8.0
22677,8.0
22678,8.0
22679,8.0
22680,8.0
22681,5.0
22682,8.0
22683,8.0
22684,8.0
22685,8.0
22686,8.0
22687,5.0
22688,8.0
22689,8.0
22690,8.0
22691,9.0
22692,8.0
22693,8.0
22694,8.0
22695,4.0
22696,5.0
22697,8.0
22698,8.0
22699,8.0
22700,4.0
22701,8.0
22702,8.0
22703,8.0
22704,8.0
22705,8.0
22706,8.0
22707,4.0
22708,8.0
22709,8.0
22710,0.0
22711,8.0
22712,8.0
22713,8.0
22714,8.0
22715,8.0
22716,4.0
22717,8.0
22718,8.0
22719,8.0
22720,2.0
22721,8.0
22722,1.0
22723,8.0
22724,8.0
22725,3.0
22726,9.0
22727,8.0
22728,8.0
22729,8.0
22730,8.0
22731,8.0
22732,8.0
22733,8.0
22734,8.0
22735,8.0
22736,8.0
22737,8.0
22738,8.0
22739,8.0
22740,8.0
22741,8.0
22742,8.0
22743,8.0
22744,8.0
22745,8.0
22746,8.0
22747,8.0
22748,8.0
22749,8.0
22750,8.0
22751,8.0
22752,8.0
22753,8.0
22754,8.0
22755,8.0
22756,8.0
22757,8.0
22758,8.0
22759,8.0
22760,8.0
22761,8.0
22762,8.0
22763,8.0
22764,8.0
22765,1.0
22766,9.0
22767,2.0
22768,6.0
22769,8.0
22770,8.0
22771,8.0
22772,8.0
22773,8.0
22774,8.0
22775,1.0
22776,7.0
22777,8.0
22778,8.0
22779,8.0
22780,8.0
22781,8.0
22782,8.0
22783,8.0
22784,8.0
22785,8.0
22786,8.0
22787,8.0
22788,8.0
22789,8.0
22790,8.0
22791,8.0
22792,8.0
22793,8.0
22794,8.0
22795,8.0
22796,6.0
22797,8.0
22798,3.0
22799,8.0
22800,8.0
22801,8.0
22802,8.0
22803,5.0
22804,8.0
22805,2.0
22806,8.0
22807,8.0
22808,8.0
22809,8.0
22810,8.0
22811,8.0
22812,8.0
22813,8.0
22814,8.0
22815,8.0
22816,8.0
22817,9.0
22818,4.0
22819,8.0
22820,8.0
22821,2.0
22822,8.0
22823,8.0
22824,2.0
22825,8.0
22826,8.0
22827,8.0
22828,8.0
22829,8.0
22830,1.0
22831,8.0
22832,7.0
22833,4.0
22834,8.0
22835,8.0
22836,0.0
22837,8.0
22838,3.0
22839,8.0
22840,8.0
22841,8.0
22842,8.0
22843,8.0
22844,8.0
22845,8.0
22846,8.0
22847,0.0
22848,8.0
22849,8.0
22850,8.0
22851,8.0
22852,8.0
22853,8.0
22854,8.0
22855,8.0
22856,8.0
22857,1.0
22858,9.0
22859,8.0
22860,4.0
22861,8.0
22862,8.0
22863,8.0
22864,8.0
22865,8.0
22866,8.0
22867,4.0
22868,8.0
22869,8.0
22870,8.0
22871,8.0
22872,8.0
22873,8.0
22874,8.0
22875,8.0
22876,8.0
22877,8.0
22878,8.0
22879,8.0
22880,2.0
22881,8.0
22882,8.0
22883,8.0
22884,8.0
22885,8.0
22886,8.0
22887,8.0
22888,8.0
22889,8.0
22890,8.0
22891,5.0
22892,2.0
22893,8.0
22894,8.0
22895,8.0
22896,3.0
22897,8.0
22898,8.0
22899,8.0
22900,8.0
22901,2.0
22902,8.0
22903,9.0
22904,8.0
22905,4.0
22906,8.0
22907,4.0
22908,5.0
22909,8.0
22910,8.0
22911,8.0
22912,8.0
22913,8.0
22914,8.0
22915,8.0
22916,8.0
22917,8.0
22918,8.0
22919,8.0
22920,8.0
22921,8.0
22922,8.0
22923,8.0
22924,8.0
22925,8.0
22926,8.0
22927,8.0
22928,8.0
22929,8.0
22930,8.0
22931,9.0
22932,8.0
22933,5.0
22934,8.0
22935,8.0
22936,9.0
22937,8.0
22938,8.0
22939,1.0
22940,8.0
22941,8.0
22942,8.0
22943,8.0
22944,8.0
22945,8.0
22946,8.0
22947,8.0
22948,8.0
22949,8.0
22950,8.0
22951,8.0
22952,8.0
22953,8.0
22954,4.0
22955,8.0
22956,4.0
22957,8.0
22958,8.0
22959,8.0
22960,7.0
22961,8.0
22962,8.0
22963,8.0
22964,8.0
22965,8.0
22966,8.0
22967,8.0
22968,2.0
22969,8.0
22970,8.0
22971,4.0
22972,8.0
22973,5.0
22974,8.0
22975,8.0
22976,8.0
22977,8.0
22978,8.0
22979,8.0
22980,8.0
22981,8.0
22982,8.0
22983,8.0
22984,8.0
22985,8.0
22986,6.0
22987,8.0
22988,8.0
22989,8.0
22990,8.0
22991,8.0
22992,8.0
22993,8.0
22994,8.0
22995,8.0
22996,8.0
22997,8.0
22998,4.0
22999,8.0
23000,2.0
23001,8.0
23002,8.0
23003,8.0
23004,8.0
23005,1.0
23006,8.0
23007,8.0
23008,8.0
23009,8.0
23010,8.0
23011,8.0
23012,8.0
23013,3.0
23014,8.0
23015,8.0
23016,8.0
23017,8.0
23018,8.0
23019,7.0
23020,8.0
23021,8.0
23022,8.0
23023,8.0
23024,9.0
23025,8.0
23026,8.0
23027,8.0
23028,8.0
23029,8.0
23030,8.0
23031,8.0
23032,8.0
23033,5.0
23034,8.0
23035,8.0
23036,7.0
23037,4.0
23038,8.0
23039,6.0
23040,8.0
23041,8.0
23042,8.0
23043,6.0
23044,8.0
23045,2.0
23046,2.0
23047,8.0
23048,8.0
23049,8.0
23050,8.0
23051,8.0
23052,1.0
23053,3.0
23054,8.0
23055,8.0
23056,8.0
23057,8.0
23058,8.0
23059,8.0
23060,8.0
23061,8.0
23062,8.0
23063,8.0
23064,4.0
23065,8.0
23066,8.0
23067,8.0
23068,8.0
23069,8.0
23070,2.0
23071,8.0
23072,8.0
23073,2.0
23074,8.0
23075,8.0
23076,8.0
23077,8.0
23078,8.0
23079,8.0
23080,8.0
23081,2.0
23082,8.0
23083,7.0
23084,8.0
23085,8.0
23086,1.0
23087,8.0
23088,8.0
23089,8.0
23090,8.0
23091,8.0
23092,8.0
23093,8.0
23094,8.0
23095,8.0
23096,8.0
23097,8.0
23098,8.0
23099,8.0
23100,8.0
23101,3.0
23102,8.0
23103,8.0
23104,8.0
23105,8.0
23106,9.0
23107,2.0
23108,8.0
23109,8.0
23110,8.0
23111,8.0
23112,8.0
23113,8.0
23114,8.0
23115,8.0
23116,8.0
23117,8.0
23118,8.0
23119,8.0
23120,8.0
23121,8.0
23122,8.0
23123,8.0
23124,1.0
23125,8.0
23126,7.0
23127,8.0
23128,8.0
23129,8.0
23130,8.0
23131,8.0
23132,8.0
23133,8.0
23134,8.0
23135,8.0
23136,8.0
23137,3.0
23138,1.0
23139,8.0
23140,8.0
23141,8.0
23142,8.0
23143,8.0
23144,1.0
23145,8.0
23146,8.0
23147,3.0
23148,8.0
23149,8.0
23150,8.0
23151,8.0
23152,8.0
23153,8.0
23154,8.0
23155,8.0
23156,4.0
23157,8.0
23158,8.0
23159,8.0
23160,9.0
23161,8.0
23162,8.0
23163,8.0
23164,3.0
23165,8.0
23166,8.0
23167,9.0
23168,8.0
23169,8.0
23170,3.0
23171,5.0
23172,8.0
23173,8.0
23174,8.0
23175,9.0
23176,8.0
23177,8.0
23178,8.0
23179,8.0
23180,8.0
23181,8.0
23182,8.0
23183,4.0
23184,8.0
23185,8.0
23186,8.0
23187,8.0
23188,9.0
23189,8.0
23190,5.0
23191,8.0
23192,8.0
23193,8.0
23194,8.0
23195,6.0
23196,9.0
23197,1.0
23198,8.0
23199,8.0
23200,8.0
23201,8.0
23202,8.0
23203,8.0
23204,8.0
23205,8.0
23206,8.0
23207,8.0
23208,8.0
23209,8.0
23210,8.0
23211,6.0
23212,1.0
23213,8.0
23214,8.0
23215,0.0
23216,8.0
23217,3.0
23218,8.0
23219,1.0
23220,8.0
23221,3.0
23222,8.0
23223,8.0
23224,8.0
23225,8.0
23226,8.0
23227,8.0
23228,8.0
23229,8.0
23230,8.0
23231,8.0
23232,8.0
23233,9.0
23234,8.0
23235,8.0
23236,8.0
23237,8.0
23238,7.0
23239,8.0
23240,8.0
23241,8.0
23242,8.0
23243,8.0
23244,8.0
23245,8.0
23246,1.0
23247,8.0
23248,8.0
23249,9.0
23250,8.0
23251,8.0
23252,1.0
23253,8.0
23254,8.0
23255,8.0
23256,7.0
23257,8.0
23258,9.0
23259,8.0
23260,8.0
23261,8.0
23262,8.0
23263,6.0
23264,8.0
23265,8.0
23266,0.0
23267,8.0
23268,8.0
23269,8.0
23270,8.0
23271,8.0
23272,8.0
23273,8.0
23274,8.0
23275,9.0
23276,1.0
23277,8.0
23278,9.0
23279,8.0
23280,8.0
23281,8.0
23282,8.0
23283,8.0
23284,8.0
23285,8.0
23286,3.0
23287,8.0
23288,8.0
23289,8.0
23290,8.0
23291,8.0
23292,8.0
23293,4.0
23294,8.0
23295,8.0
23296,0.0
23297,8.0
23298,8.0
23299,8.0
23300,8.0
23301,8.0
23302,8.0
23303,8.0
23304,8.0
23305,8.0
23306,8.0
23307,0.0
23308,7.0
23309,8.0
23310,8.0
23311,8.0
23312,7.0
23313,8.0
23314,8.0
23315,8.0
23316,3.0
23317,9.0
23318,8.0
23319,6.0
23320,8.0
23321,8.0
23322,8.0
23323,8.0
23324,8.0
23325,8.0
23326,8.0
23327,8.0
23328,0.0
23329,8.0
23330,8.0
23331,9.0
23332,0.0
23333,8.0
23334,8.0
23335,8.0
23336,9.0
23337,8.0
23338,8.0
23339,8.0
23340,8.0
23341,6.0
23342,1.0
23343,8.0
23344,5.0
23345,8.0
23346,0.0
23347,8.0
23348,8.0
23349,8.0
23350,8.0
23351,8.0
23352,2.0
23353,8.0
23354,2.0
23355,8.0
23356,8.0
23357,8.0
23358,8.0
23359,8.0
23360,8.0
23361,8.0
23362,8.0
23363,8.0
23364,8.0
23365,8.0
23366,8.0
23367,8.0
23368,8.0
23369,8.0
23370,8.0
23371,8.0
23372,8.0
23373,8.0
23374,8.0
23375,4.0
23376,8.0
23377,4.0
23378,8.0
23379,8.0
23380,8.0
23381,8.0
23382,8.0
23383,8.0
23384,8.0
23385,8.0
23386,8.0
23387,9.0
23388,8.0
23389,8.0
23390,8.0
23391,8.0
23392,8.0
23393,6.0
23394,8.0
23395,8.0
23396,8.0
23397,8.0
23398,8.0
23399,8.0
23400,8.0
23401,8.0
23402,8.0
23403,2.0
23404,8.0
23405,9.0
23406,8.0
23407,8.0
23408,8.0
23409,8.0
23410,8.0
23411,8.0
23412,8.0
23413,8.0
23414,8.0
23415,8.0
23416,8.0
23417,8.0
23418,8.0
23419,8.0
23420,8.0
23421,5.0
23422,8.0
23423,8.0
23424,8.0
23425,8.0
23426,8.0
23427,8.0
23428,8.0
23429,8.0
23430,8.0
23431,8.0
23432,8.0
23433,8.0
23434,8.0
23435,8.0
23436,6.0
23437,8.0
23438,8.0
23439,8.0
23440,8.0
23441,8.0
23442,6.0
23443,8.0
23444,8.0
23445,8.0
23446,8.0
23447,8.0
23448,8.0
23449,8.0
23450,8.0
23451,8.0
23452,8.0
23453,8.0
23454,8.0
23455,8.0
23456,8.0
23457,8.0
23458,8.0
23459,8.0
23460,8.0
23461,8.0
23462,4.0
23463,7.0
23464,8.0
23465,8.0
23466,8.0
23467,8.0
23468,8.0
23469,8.0
23470,8.0
23471,8.0
23472,8.0
23473,5.0
23474,8.0
23475,8.0
23476,8.0
23477,8.0
23478,8.0
23479,8.0
23480,8.0
23481,8.0
23482,3.0
23483,8.0
23484,2.0
